{"Display Name Change": [{"Date": "2020-06-28 23:32:29 UTC", "Display Name": "Leroy Koekkoek"}], "Email Change": [{"Date": "2020-07-25 11:51:24 UTC", "Email Address": "leroykoekkoek@msn.com"}, {"Date": "2020-07-25 11:51:04 UTC", "Email Address": "leroykoekkoek@msn.com"}, {"Date": "2020-06-28 23:32:47 UTC", "Email Address": "info@123dak-goot.nl"}], "Mobile Number Change": [{"Date": "2020-06-28 23:32:59 UTC", "Mobile Number": "+31611348810"}], "Password Change": [{"Date": "2020-08-16 18:44:53 UTC"}, {"Date": "2020-08-10 19:40:54 UTC"}, {"Date": "2020-07-26 06:41:57 UTC"}, {"Date": "2020-07-26 04:22:18 UTC"}, {"Date": "2020-06-29 22:04:54 UTC"}], "Snapchat Linked to Bitmoji": [{"Date": "2020-08-30 18:06:07 UTC"}], "Spectacles": [], "Two-Factor Authentication": [{"Date": "2020-08-10 23:58:26 UTC", "Event": "SMS enabled"}, {"Date": "2020-08-10 23:58:05 UTC", "Event": "Authentication App enabled"}], "Account deactivated / reactivated": []}