{"Friends": [{"Username": "remcoboef", "Display Name": "Remco Boef"}, {"Username": "melanieee0805", "Display Name": "Myy Lovieee\u2764"}, {"Username": "xberberx", "Display Name": "berber"}, {"Username": "michieltijl", "Display Name": "Michiel"}, {"Username": "snapperhd", "Display Name": "Jelmer H"}, {"Username": "lkoekkoek123", "Display Name": "Leroy Koekkoek"}, {"Username": "downiemooibooy", "Display Name": "Timon\u270c\ud83c\udffd"}, {"Username": "nilskappert95", "Display Name": "Nils Kappert"}, {"Username": "dindipirat1312", "Display Name": "Dennis Vucht"}, {"Username": "jellegroen39", "Display Name": "Jelle Groen"}, {"Username": "jesperhaf", "Display Name": "Jesper"}, {"Username": "maureenkhb", "Display Name": "Maureen"}, {"Username": "svenroetert", "Display Name": "Sven R"}, {"Username": "koenharmelink", "Display Name": "Koen Harmelink"}, {"Username": "remie_elshof19", "Display Name": "Remie Elshof Veneber"}, {"Username": "leroygae", "Display Name": "Leroy Kroes"}, {"Username": "shirel.gh", "Display Name": "Shirel"}, {"Username": "biancax1993", "Display Name": "Bianca Kappert"}, {"Username": "elisakoekkoek", "Display Name": "Elisa Nieuw"}, {"Username": "kareltjekowet", "Display Name": "Kareltje Kareltje"}, {"Username": "frankkroes", "Display Name": "Frank Kroes"}, {"Username": "olsterappie", "Display Name": "Jeroen Vosman"}, {"Username": "antonia_moraes", "Display Name": "Antonia Jaylano"}, {"Username": "ferdiolst2020", "Display Name": "Ferdi Olst"}, {"Username": "andybmx76", "Display Name": "Andybmx76"}, {"Username": "tombenz15", "Display Name": "Tom Roeke"}, {"Username": "dfluonia", "Display Name": "Dennis"}, {"Username": "teamsnapchat", "Display Name": "Team Snapchat"}, {"Username": "de-rooie", "Display Name": "Dennis"}, {"Username": "davevanbreen", "Display Name": "Dave"}, {"Username": "sjabbens2020", "Display Name": "Jan"}, {"Username": "rregterschot23", "Display Name": "Rick Regterschot"}, {"Username": "marinkomelanie", "Display Name": "Marinko Drost"}, {"Username": "dg_sven", "Display Name": "Sven"}, {"Username": "wietsvdm", "Display Name": "Wietse"}, {"Username": "bb01k", "Display Name": "Bradley"}, {"Username": "douwert89", "Display Name": "Douwe"}], "Friend Requests Sent": [{"Username": "dannybril", "Display Name": "Danny Bril"}, {"Username": "thok1234", "Display Name": "Thorben"}, {"Username": "chieltjuhh", "Display Name": "Chiel"}, {"Username": "sweetjennysnap", "Display Name": "Jenny Rose"}, {"Username": "p_sexty2020", "Display Name": "Peach_sexy_caramel Sexty"}, {"Username": "nh.grondwerkbes", "Display Name": "Niels Hoekstra"}, {"Username": "landokattouw", "Display Name": "Lando Kattouw"}, {"Username": "kasperdiks", "Display Name": "Kasper"}, {"Username": "anna_crazy30", "Display Name": "Anna Fawx"}, {"Username": "arnauddpv", "Display Name": "Arnoud"}, {"Username": "gyalucky", "Display Name": "Gialucky"}, {"Username": "daveyj94", "Display Name": "Davey"}, {"Username": "boelle96wijhe", "Display Name": "Martijn Van Langen"}, {"Username": "olsternearrr", "Display Name": "Rick R"}, {"Username": "mvanengelen35", "Display Name": "Melanie van Engelen"}, {"Username": "michelsammy24", "Display Name": "sam michel"}, {"Username": "robbin0570", "Display Name": "Robbin"}, {"Username": "lisannefct", "Display Name": "Liss"}, {"Username": "lizzykenzox", "Display Name": "Douwe"}, {"Username": "wesleywijhe", "Display Name": "Wesley Horstman"}, {"Username": "melvin_klei2019", "Display Name": "Melvin Klein"}, {"Username": "mrdjordy", "Display Name": "Djordy"}, {"Username": "maxz33nl", "Display Name": "Maxxx"}, {"Username": "michelsammy2020", "Display Name": "Michel Sammy"}, {"Username": "anouk-veldkamp", "Display Name": "Anouk"}, {"Username": "mldvm", "Display Name": "Diego vm"}, {"Username": "dma196.x", "Display Name": "Deniz Mutlu"}, {"Username": "dion_koekkoek", "Display Name": "Dion Koekkoek"}, {"Username": "toniavrijszen", "Display Name": "Tonia van Rijszen"}, {"Username": "tonia", "Display Name": ""}, {"Username": "overweglisa", "Display Name": "Lisa Overweg"}, {"Username": "robindegrutter", "Display Name": "Robin."}, {"Username": "armo_snap", "Display Name": "Armo \u263a\ufe0f"}, {"Username": "sventa1600", "Display Name": "Sven"}, {"Username": "seleeeeeeen", "Display Name": "Selena Nieuw"}, {"Username": "addison_e", "Display Name": "addison rae"}, {"Username": "syp.dejong", "Display Name": "Syp De Jong"}], "Blocked Users": [{"Username": "xpatricia", "Display Name": "Pat"}, {"Username": "verenaa0570", "Display Name": "Vereen\u2764\ufe0f"}, {"Username": "ernahuskoo", "Display Name": "Erna Husko\ud83d\udc31"}, {"Username": "melaniyuhh", "Display Name": "Melanie \ud83d\ude3c"}, {"Username": "jess", "Display Name": ""}, {"Username": "iamamy1998", "Display Name": "amynieuwhof"}, {"Username": "xmelaniebongers", "Display Name": "M\u00e9lanie"}, {"Username": "xx_jessiica", "Display Name": "Jessica Van es"}, {"Username": "mrnrdlmn", "Display Name": "Marijn"}, {"Username": "kusjeannelie", "Display Name": "annnnx"}, {"Username": "melanie_dom9546", "Display Name": "\ud83d\udc98Melanie\ud83d\udc98"}, {"Username": "juliavdl", "Display Name": "Julia"}], "Deleted Friends": [{"Username": "alissaa1997", "Display Name": "Alissa.Z"}, {"Username": "xmmelanie", "Display Name": "Melanie \u2728"}], "Shortcuts": []}