{"Frequent Locations": [{"City": "deventer", "Country": "nld", "Region": "ov"}, {"City": "utrecht", "Country": "nld", "Region": "ut"}], "Latest Location": [{"City": "amsterdam", "Country": "nld", "Region": "nh"}], "Home & Work": {}, "Daily Top Locations": [], "Top Locations Per Six-Day Period": [], "Location History": [], "Businesses and public places you may have visited": [], "Areas you may have visited in the last two years": [{"Time": "2020/08/11 15:54:27 UTC", "City": "rotterdam", "Region": "Zuid - Holland", "Postal Code": "3045"}, {"Time": "2020/08/11 01:16:29 UTC", "City": "rotterdam", "Region": "Zuid - Holland", "Postal Code": "3066"}, {"Time": "2020/08/13 18:04:39 UTC", "City": "amsterdam", "Region": "Noord - Holland", "Postal Code": "1073"}, {"Time": "2020/08/29 12:31:18 UTC", "City": "amsterdam", "Region": "Noord - Holland", "Postal Code": "1078"}, {"Time": "2020/08/13 19:18:50 UTC", "City": "amsterdam", "Region": "Noord - Holland", "Postal Code": "1082"}, {"Time": "2020/09/04 12:58:26 UTC", "City": "amsterdam", "Region": "Noord - Holland", "Postal Code": "7415"}, {"Time": "2020/08/29 13:24:04 UTC", "City": "leusden", "Region": "Utrecht", "Postal Code": "3832"}, {"Time": "2020/08/29 06:16:15 UTC", "City": "leusden", "Region": "Utrecht", "Postal Code": "7415"}, {"Time": "2020/08/29 14:07:42 UTC", "City": "leusden", "Region": "Utrecht", "Postal Code": "8121"}, {"Time": "2020/08/31 18:55:47 UTC", "City": "utrecht", "Region": "Utrecht", "Postal Code": "3543"}, {"Time": "2020/08/16 10:36:23 UTC", "City": "utrecht", "Region": "Utrecht", "Postal Code": "8121"}, {"Time": "2020/08/30 19:53:30 UTC", "City": "deventer", "Region": "Overijssel", "Postal Code": "7411"}, {"Time": "2020/08/30 19:51:59 UTC", "City": "deventer", "Region": "Overijssel", "Postal Code": "8121"}]}