[{"Date and time (hourly)": "2020-08-29 02:00:00 UTC", "Search Term": "milf", "Location": ""}, {"Date and time (hourly)": "2020-08-29 02:00:00 UTC", "Search Term": "mil", "Location": ""}, {"Date and time (hourly)": "2020-08-29 02:00:00 UTC", "Search Term": "mild", "Location": ""}, {"Date and time (hourly)": "2020-08-29 02:00:00 UTC", "Search Term": "mil", "Location": ""}, {"Date and time (hourly)": "2020-08-29 02:00:00 UTC", "Search Term": "mi", "Location": ""}, {"Date and time (hourly)": "2020-08-29 02:00:00 UTC", "Search Term": "m", "Location": ""}, {"Date and time (hourly)": "2020-08-29 02:00:00 UTC", "Search Term": "m", "Location": ""}, {"Date and time (hourly)": "2020-08-29 02:00:00 UTC", "Search Term": "tattoo", "Location": ""}, {"Date and time (hourly)": "2020-08-29 02:00:00 UTC", "Search Term": "tatto", "Location": ""}, {"Date and time (hourly)": "2020-08-29 02:00:00 UTC", "Search Term": "tatt", "Location": ""}, {"Date and time (hourly)": "2020-08-29 02:00:00 UTC", "Search Term": "tat", "Location": ""}, {"Date and time (hourly)": "2020-08-29 02:00:00 UTC", "Search Term": "ta", "Location": ""}, {"Date and time (hourly)": "2020-08-29 02:00:00 UTC", "Search Term": "t", "Location": ""}, {"Date and time (hourly)": "2020-08-29 17:00:00 UTC", "Search Term": "erna", "Location": ""}, {"Date and time (hourly)": "2020-08-29 17:00:00 UTC", "Search Term": "ern", "Location": ""}, {"Date and time (hourly)": "2020-08-29 17:00:00 UTC", "Search Term": "er", "Location": ""}, {"Date and time (hourly)": "2020-08-29 17:00:00 UTC", "Search Term": "e", "Location": ""}, {"Date and time (hourly)": "2020-08-15 19:00:00 UTC", "Search Term": "mich", "Location": ""}, {"Date and time (hourly)": "2020-08-15 19:00:00 UTC", "Search Term": "mic", "Location": ""}, {"Date and time (hourly)": "2020-08-15 19:00:00 UTC", "Search Term": "mi", "Location": ""}, {"Date and time (hourly)": "2020-08-15 19:00:00 UTC", "Search Term": "m", "Location": ""}, {"Date and time (hourly)": "2020-08-10 19:00:00 UTC", "Search Term": "michel kamphuis", "Location": ""}, {"Date and time (hourly)": "2020-08-10 19:00:00 UTC", "Search Term": "michel kamphui", "Location": ""}, {"Date and time (hourly)": "2020-08-10 19:00:00 UTC", "Search Term": "michel kamphu", "Location": ""}, {"Date and time (hourly)": "2020-08-10 19:00:00 UTC", "Search Term": "michel kamph", "Location": ""}, {"Date and time (hourly)": "2020-08-10 19:00:00 UTC", "Search Term": "michel kamp", "Location": ""}, {"Date and time (hourly)": "2020-08-10 19:00:00 UTC", "Search Term": "michel kam", "Location": ""}, {"Date and time (hourly)": "2020-08-10 19:00:00 UTC", "Search Term": "michel ka", "Location": ""}, {"Date and time (hourly)": "2020-08-10 19:00:00 UTC", "Search Term": "michel k", "Location": ""}, {"Date and time (hourly)": "2020-08-10 19:00:00 UTC", "Search Term": "michel km", "Location": ""}, {"Date and time (hourly)": "2020-08-10 19:00:00 UTC", "Search Term": "michel k", "Location": ""}, {"Date and time (hourly)": "2020-08-10 19:00:00 UTC", "Search Term": "michel ", "Location": ""}, {"Date and time (hourly)": "2020-08-10 19:00:00 UTC", "Search Term": "michel", "Location": ""}, {"Date and time (hourly)": "2020-08-10 19:00:00 UTC", "Search Term": "miche", "Location": ""}, {"Date and time (hourly)": "2020-08-10 19:00:00 UTC", "Search Term": "mich", "Location": ""}, {"Date and time (hourly)": "2020-08-10 19:00:00 UTC", "Search Term": "mic", "Location": ""}, {"Date and time (hourly)": "2020-08-10 19:00:00 UTC", "Search Term": "mi", "Location": ""}, {"Date and time (hourly)": "2020-08-10 19:00:00 UTC", "Search Term": "m", "Location": ""}, {"Date and time (hourly)": "2020-08-29 06:00:00 UTC", "Search Term": "s", "Location": ""}, {"Date and time (hourly)": "2020-08-29 06:00:00 UTC", "Search Term": "se", "Location": ""}, {"Date and time (hourly)": "2020-08-29 06:00:00 UTC", "Search Term": "sel", "Location": ""}, {"Date and time (hourly)": "2020-08-29 06:00:00 UTC", "Search Term": "se", "Location": ""}, {"Date and time (hourly)": "2020-08-29 06:00:00 UTC", "Search Term": "s", "Location": ""}, {"Date and time (hourly)": "2020-08-30 12:00:00 UTC", "Search Term": "mich", "Location": ""}, {"Date and time (hourly)": "2020-08-30 12:00:00 UTC", "Search Term": "mic", "Location": ""}, {"Date and time (hourly)": "2020-08-30 12:00:00 UTC", "Search Term": "mi", "Location": ""}, {"Date and time (hourly)": "2020-08-30 12:00:00 UTC", "Search Term": "m", "Location": ""}, {"Date and time (hourly)": "2020-08-30 18:00:00 UTC", "Search Term": "mela", "Location": ""}, {"Date and time (hourly)": "2020-08-30 18:00:00 UTC", "Search Term": "mel", "Location": ""}, {"Date and time (hourly)": "2020-08-30 18:00:00 UTC", "Search Term": "me", "Location": ""}, {"Date and time (hourly)": "2020-08-30 18:00:00 UTC", "Search Term": "m", "Location": ""}, {"Date and time (hourly)": "2020-08-29 15:00:00 UTC", "Search Term": "melvin klein", "Location": ""}, {"Date and time (hourly)": "2020-08-29 15:00:00 UTC", "Search Term": "melvin klei", "Location": ""}, {"Date and time (hourly)": "2020-08-29 15:00:00 UTC", "Search Term": "melvin kle", "Location": ""}, {"Date and time (hourly)": "2020-08-29 15:00:00 UTC", "Search Term": "melvin kl", "Location": ""}, {"Date and time (hourly)": "2020-08-29 15:00:00 UTC", "Search Term": "melvin k", "Location": ""}, {"Date and time (hourly)": "2020-08-29 15:00:00 UTC", "Search Term": "melvin ", "Location": ""}, {"Date and time (hourly)": "2020-08-29 15:00:00 UTC", "Search Term": "melvin", "Location": ""}, {"Date and time (hourly)": "2020-08-29 15:00:00 UTC", "Search Term": "melvi", "Location": ""}, {"Date and time (hourly)": "2020-08-29 15:00:00 UTC", "Search Term": "melv", "Location": ""}, {"Date and time (hourly)": "2020-08-29 15:00:00 UTC", "Search Term": "mel", "Location": ""}, {"Date and time (hourly)": "2020-08-29 15:00:00 UTC", "Search Term": "me", "Location": ""}, {"Date and time (hourly)": "2020-08-29 15:00:00 UTC", "Search Term": "m", "Location": ""}, {"Date and time (hourly)": "2020-08-29 15:00:00 UTC", "Search Term": "ms", "Location": ""}, {"Date and time (hourly)": "2020-08-29 15:00:00 UTC", "Search Term": "mse", "Location": ""}, {"Date and time (hourly)": "2020-08-29 15:00:00 UTC", "Search Term": "mser", "Location": ""}, {"Date and time (hourly)": "2020-08-29 15:00:00 UTC", "Search Term": "msere", "Location": ""}, {"Date and time (hourly)": "2020-08-29 15:00:00 UTC", "Search Term": "mser", "Location": ""}, {"Date and time (hourly)": "2020-08-29 15:00:00 UTC", "Search Term": "mse", "Location": ""}, {"Date and time (hourly)": "2020-08-29 15:00:00 UTC", "Search Term": "ms", "Location": ""}, {"Date and time (hourly)": "2020-08-29 15:00:00 UTC", "Search Term": "m", "Location": ""}, {"Date and time (hourly)": "2020-08-11 01:00:00 UTC", "Search Term": "mich", "Location": ""}, {"Date and time (hourly)": "2020-08-11 01:00:00 UTC", "Search Term": "mic", "Location": ""}, {"Date and time (hourly)": "2020-08-11 01:00:00 UTC", "Search Term": "mich", "Location": ""}, {"Date and time (hourly)": "2020-08-11 01:00:00 UTC", "Search Term": "mic", "Location": ""}, {"Date and time (hourly)": "2020-08-11 01:00:00 UTC", "Search Term": "mi", "Location": ""}, {"Date and time (hourly)": "2020-08-11 01:00:00 UTC", "Search Term": "miv", "Location": ""}, {"Date and time (hourly)": "2020-08-11 01:00:00 UTC", "Search Term": "mi", "Location": ""}, {"Date and time (hourly)": "2020-08-11 01:00:00 UTC", "Search Term": "m", "Location": ""}, {"Date and time (hourly)": "2020-08-29 06:00:00 UTC", "Search Term": "a", "Location": ""}, {"Date and time (hourly)": "2020-08-29 06:00:00 UTC", "Search Term": "an", "Location": ""}, {"Date and time (hourly)": "2020-08-29 06:00:00 UTC", "Search Term": "a", "Location": ""}, {"Date and time (hourly)": "2020-08-29 06:00:00 UTC", "Search Term": "ja", "Location": ""}, {"Date and time (hourly)": "2020-08-29 06:00:00 UTC", "Search Term": "jay", "Location": ""}, {"Date and time (hourly)": "2020-08-29 06:00:00 UTC", "Search Term": "jayl", "Location": ""}, {"Date and time (hourly)": "2020-08-29 06:00:00 UTC", "Search Term": "jayla", "Location": ""}, {"Date and time (hourly)": "2020-08-29 06:00:00 UTC", "Search Term": "jaylan", "Location": ""}, {"Date and time (hourly)": "2020-08-29 06:00:00 UTC", "Search Term": "jayla", "Location": ""}, {"Date and time (hourly)": "2020-08-29 06:00:00 UTC", "Search Term": "jaylan", "Location": ""}, {"Date and time (hourly)": "2020-08-29 06:00:00 UTC", "Search Term": "jayla", "Location": ""}, {"Date and time (hourly)": "2020-08-29 06:00:00 UTC", "Search Term": "jaylab", "Location": ""}, {"Date and time (hourly)": "2020-08-29 06:00:00 UTC", "Search Term": "jaylabi", "Location": ""}, {"Date and time (hourly)": "2020-08-29 06:00:00 UTC", "Search Term": "jaylab", "Location": ""}, {"Date and time (hourly)": "2020-08-29 06:00:00 UTC", "Search Term": "jayla", "Location": ""}, {"Date and time (hourly)": "2020-08-29 06:00:00 UTC", "Search Term": "jayl", "Location": ""}, {"Date and time (hourly)": "2020-08-29 06:00:00 UTC", "Search Term": "jay", "Location": ""}, {"Date and time (hourly)": "2020-08-29 06:00:00 UTC", "Search Term": "ja", "Location": ""}, {"Date and time (hourly)": "2020-08-29 06:00:00 UTC", "Search Term": "j", "Location": ""}, {"Date and time (hourly)": "2020-08-29 17:00:00 UTC", "Search Term": "a", "Location": ""}, {"Date and time (hourly)": "2020-08-29 17:00:00 UTC", "Search Term": "an", "Location": ""}, {"Date and time (hourly)": "2020-08-29 17:00:00 UTC", "Search Term": "ant", "Location": ""}, {"Date and time (hourly)": "2020-08-29 17:00:00 UTC", "Search Term": "anto", "Location": ""}, {"Date and time (hourly)": "2020-08-29 17:00:00 UTC", "Search Term": "anton", "Location": ""}, {"Date and time (hourly)": "2020-08-29 17:00:00 UTC", "Search Term": "antoni", "Location": ""}, {"Date and time (hourly)": "2020-08-29 17:00:00 UTC", "Search Term": "anton", "Location": ""}, {"Date and time (hourly)": "2020-08-29 17:00:00 UTC", "Search Term": "anto", "Location": ""}, {"Date and time (hourly)": "2020-08-29 17:00:00 UTC", "Search Term": "ant", "Location": ""}, {"Date and time (hourly)": "2020-08-29 17:00:00 UTC", "Search Term": "an", "Location": ""}, {"Date and time (hourly)": "2020-08-29 17:00:00 UTC", "Search Term": "a", "Location": ""}, {"Date and time (hourly)": "2020-08-29 17:00:00 UTC", "Search Term": "jess", "Location": ""}, {"Date and time (hourly)": "2020-08-29 17:00:00 UTC", "Search Term": "jes", "Location": ""}, {"Date and time (hourly)": "2020-08-29 17:00:00 UTC", "Search Term": "je", "Location": ""}, {"Date and time (hourly)": "2020-08-29 17:00:00 UTC", "Search Term": "j", "Location": ""}, {"Date and time (hourly)": "2020-08-29 06:00:00 UTC", "Search Term": "ma", "Location": ""}, {"Date and time (hourly)": "2020-08-29 06:00:00 UTC", "Search Term": "m", "Location": ""}, {"Date and time (hourly)": "2020-08-30 17:00:00 UTC", "Search Term": "mar", "Location": ""}, {"Date and time (hourly)": "2020-08-30 17:00:00 UTC", "Search Term": "mar", "Location": ""}, {"Date and time (hourly)": "2020-08-30 17:00:00 UTC", "Search Term": "marin", "Location": ""}, {"Date and time (hourly)": "2020-08-30 17:00:00 UTC", "Search Term": "marinko", "Location": ""}, {"Date and time (hourly)": "2020-08-30 17:00:00 UTC", "Search Term": "marink", "Location": ""}, {"Date and time (hourly)": "2020-08-30 17:00:00 UTC", "Search Term": "marin", "Location": ""}, {"Date and time (hourly)": "2020-08-30 17:00:00 UTC", "Search Term": "mari", "Location": ""}, {"Date and time (hourly)": "2020-08-30 17:00:00 UTC", "Search Term": "ma", "Location": ""}, {"Date and time (hourly)": "2020-08-30 17:00:00 UTC", "Search Term": "Marink", "Location": ""}, {"Date and time (hourly)": "2020-08-30 17:00:00 UTC", "Search Term": "Marinko", "Location": ""}, {"Date and time (hourly)": "2020-08-30 17:00:00 UTC", "Search Term": "Marinkoh", "Location": ""}, {"Date and time (hourly)": "2020-08-30 17:00:00 UTC", "Search Term": "Marinkohartj", "Location": ""}, {"Date and time (hourly)": "2020-08-30 17:00:00 UTC", "Search Term": "Marinkohartje", "Location": ""}, {"Date and time (hourly)": "2020-08-30 17:00:00 UTC", "Search Term": "Marinkohart", "Location": ""}, {"Date and time (hourly)": "2020-08-30 17:00:00 UTC", "Search Term": "Marinkohar", "Location": ""}, {"Date and time (hourly)": "2020-08-30 17:00:00 UTC", "Search Term": "Marinkoha", "Location": ""}, {"Date and time (hourly)": "2020-08-30 17:00:00 UTC", "Search Term": "Marinko", "Location": ""}, {"Date and time (hourly)": "2020-08-30 17:00:00 UTC", "Search Term": "Marink", "Location": ""}, {"Date and time (hourly)": "2020-08-30 17:00:00 UTC", "Search Term": "Marin", "Location": ""}, {"Date and time (hourly)": "2020-08-30 17:00:00 UTC", "Search Term": "Mari", "Location": ""}, {"Date and time (hourly)": "2020-08-30 17:00:00 UTC", "Search Term": "Mari", "Location": ""}, {"Date and time (hourly)": "2020-08-30 17:00:00 UTC", "Search Term": "Ma", "Location": ""}, {"Date and time (hourly)": "2020-08-30 17:00:00 UTC", "Search Term": "melanie", "Location": ""}, {"Date and time (hourly)": "2020-08-30 17:00:00 UTC", "Search Term": "melan", "Location": ""}, {"Date and time (hourly)": "2020-08-30 14:00:00 UTC", "Search Term": "melan", "Location": ""}, {"Date and time (hourly)": "2020-08-30 14:00:00 UTC", "Search Term": "mela", "Location": ""}, {"Date and time (hourly)": "2020-08-30 14:00:00 UTC", "Search Term": "mel", "Location": ""}, {"Date and time (hourly)": "2020-08-30 14:00:00 UTC", "Search Term": "me", "Location": ""}, {"Date and time (hourly)": "2020-08-30 14:00:00 UTC", "Search Term": "m", "Location": ""}, {"Date and time (hourly)": "2020-08-30 18:00:00 UTC", "Search Term": "romano", "Location": ""}, {"Date and time (hourly)": "2020-08-30 18:00:00 UTC", "Search Term": "roman", "Location": ""}, {"Date and time (hourly)": "2020-08-30 18:00:00 UTC", "Search Term": "roma", "Location": ""}, {"Date and time (hourly)": "2020-08-30 18:00:00 UTC", "Search Term": "rom", "Location": ""}, {"Date and time (hourly)": "2020-08-30 18:00:00 UTC", "Search Term": "ro", "Location": ""}, {"Date and time (hourly)": "2020-08-30 18:00:00 UTC", "Search Term": "r", "Location": ""}, {"Date and time (hourly)": "2020-08-29 10:00:00 UTC", "Search Term": "b", "Location": ""}, {"Date and time (hourly)": "2020-08-29 10:00:00 UTC", "Search Term": "bi", "Location": ""}, {"Date and time (hourly)": "2020-08-29 10:00:00 UTC", "Search Term": "bia", "Location": ""}, {"Date and time (hourly)": "2020-08-29 10:00:00 UTC", "Search Term": "bian", "Location": ""}, {"Date and time (hourly)": "2020-08-29 10:00:00 UTC", "Search Term": "bia", "Location": ""}, {"Date and time (hourly)": "2020-08-29 10:00:00 UTC", "Search Term": "bi", "Location": ""}, {"Date and time (hourly)": "2020-08-29 10:00:00 UTC", "Search Term": "b", "Location": ""}, {"Date and time (hourly)": "2020-08-29 10:00:00 UTC", "Search Term": "ba", "Location": ""}, {"Date and time (hourly)": "2020-08-29 10:00:00 UTC", "Search Term": "ban", "Location": ""}, {"Date and time (hourly)": "2020-08-29 10:00:00 UTC", "Search Term": "ba", "Location": ""}, {"Date and time (hourly)": "2020-08-29 10:00:00 UTC", "Search Term": "b", "Location": ""}, {"Date and time (hourly)": "2020-08-30 17:00:00 UTC", "Search Term": "mel", "Location": ""}, {"Date and time (hourly)": "2020-08-30 17:00:00 UTC", "Search Term": "me", "Location": ""}, {"Date and time (hourly)": "2020-08-30 17:00:00 UTC", "Search Term": "m", "Location": ""}, {"Date and time (hourly)": "2020-08-21 23:00:00 UTC", "Search Term": "smahen12908", "Location": ""}, {"Date and time (hourly)": "2020-08-30 13:00:00 UTC", "Search Term": "melvin", "Location": ""}, {"Date and time (hourly)": "2020-08-30 13:00:00 UTC", "Search Term": "melvi", "Location": ""}, {"Date and time (hourly)": "2020-08-30 13:00:00 UTC", "Search Term": "melv", "Location": ""}, {"Date and time (hourly)": "2020-08-30 13:00:00 UTC", "Search Term": "mel", "Location": ""}, {"Date and time (hourly)": "2020-08-30 13:00:00 UTC", "Search Term": "mel ", "Location": ""}, {"Date and time (hourly)": "2020-08-30 13:00:00 UTC", "Search Term": "mel", "Location": ""}, {"Date and time (hourly)": "2020-08-30 13:00:00 UTC", "Search Term": "mela", "Location": ""}, {"Date and time (hourly)": "2020-08-30 13:00:00 UTC", "Search Term": "melan", "Location": ""}, {"Date and time (hourly)": "2020-08-30 13:00:00 UTC", "Search Term": "mela", "Location": ""}, {"Date and time (hourly)": "2020-08-30 13:00:00 UTC", "Search Term": "mel", "Location": ""}, {"Date and time (hourly)": "2020-08-30 13:00:00 UTC", "Search Term": "me", "Location": ""}, {"Date and time (hourly)": "2020-08-30 13:00:00 UTC", "Search Term": "m", "Location": ""}, {"Date and time (hourly)": "2020-08-29 17:00:00 UTC", "Search Term": "xx", "Location": ""}, {"Date and time (hourly)": "2020-08-29 17:00:00 UTC", "Search Term": "x", "Location": ""}, {"Date and time (hourly)": "2020-08-21 23:00:00 UTC", "Search Term": "mrnrdlmn", "Location": ""}, {"Date and time (hourly)": "2020-08-29 10:00:00 UTC", "Search Term": "bianca", "Location": ""}, {"Date and time (hourly)": "2020-08-29 10:00:00 UTC", "Search Term": "bianc", "Location": ""}, {"Date and time (hourly)": "2020-08-29 10:00:00 UTC", "Search Term": "bian", "Location": ""}, {"Date and time (hourly)": "2020-08-29 10:00:00 UTC", "Search Term": "bia", "Location": ""}, {"Date and time (hourly)": "2020-08-29 10:00:00 UTC", "Search Term": "bi", "Location": ""}, {"Date and time (hourly)": "2020-08-29 10:00:00 UTC", "Search Term": "b", "Location": ""}, {"Date and time (hourly)": "2020-08-29 11:00:00 UTC", "Search Term": "antonia jay", "Location": ""}, {"Date and time (hourly)": "2020-08-29 11:00:00 UTC", "Search Term": "antonia ja", "Location": ""}, {"Date and time (hourly)": "2020-08-29 11:00:00 UTC", "Search Term": "antonia j", "Location": ""}, {"Date and time (hourly)": "2020-08-29 11:00:00 UTC", "Search Term": "antonia ", "Location": ""}, {"Date and time (hourly)": "2020-08-29 11:00:00 UTC", "Search Term": "antonia", "Location": ""}, {"Date and time (hourly)": "2020-08-29 11:00:00 UTC", "Search Term": "antoniav", "Location": ""}, {"Date and time (hourly)": "2020-08-29 11:00:00 UTC", "Search Term": "antoniav ", "Location": ""}, {"Date and time (hourly)": "2020-08-29 11:00:00 UTC", "Search Term": "antoniav j", "Location": ""}, {"Date and time (hourly)": "2020-08-29 11:00:00 UTC", "Search Term": "antoniav ja", "Location": ""}, {"Date and time (hourly)": "2020-08-29 11:00:00 UTC", "Search Term": "antoniav jay", "Location": ""}, {"Date and time (hourly)": "2020-08-29 11:00:00 UTC", "Search Term": "antoniav ja", "Location": ""}, {"Date and time (hourly)": "2020-08-29 11:00:00 UTC", "Search Term": "antoniav j", "Location": ""}, {"Date and time (hourly)": "2020-08-29 11:00:00 UTC", "Search Term": "antoniav ", "Location": ""}, {"Date and time (hourly)": "2020-08-29 11:00:00 UTC", "Search Term": "antoniav", "Location": ""}, {"Date and time (hourly)": "2020-08-29 11:00:00 UTC", "Search Term": "antoniava", "Location": ""}, {"Date and time (hourly)": "2020-08-29 11:00:00 UTC", "Search Term": "antoniavan", "Location": ""}, {"Date and time (hourly)": "2020-08-29 11:00:00 UTC", "Search Term": "antoniava", "Location": ""}, {"Date and time (hourly)": "2020-08-29 11:00:00 UTC", "Search Term": "antoniav", "Location": ""}, {"Date and time (hourly)": "2020-08-29 11:00:00 UTC", "Search Term": "antonia", "Location": ""}, {"Date and time (hourly)": "2020-08-29 11:00:00 UTC", "Search Term": "antoniae", "Location": ""}, {"Date and time (hourly)": "2020-08-29 11:00:00 UTC", "Search Term": "antoniaen", "Location": ""}, {"Date and time (hourly)": "2020-08-29 11:00:00 UTC", "Search Term": "antoniae", "Location": ""}, {"Date and time (hourly)": "2020-08-29 11:00:00 UTC", "Search Term": "antonia", "Location": ""}, {"Date and time (hourly)": "2020-08-29 11:00:00 UTC", "Search Term": "antoniaj", "Location": ""}, {"Date and time (hourly)": "2020-08-29 11:00:00 UTC", "Search Term": "antonia", "Location": ""}, {"Date and time (hourly)": "2020-08-29 11:00:00 UTC", "Search Term": "antoni", "Location": ""}, {"Date and time (hourly)": "2020-08-29 11:00:00 UTC", "Search Term": "anton", "Location": ""}, {"Date and time (hourly)": "2020-08-29 11:00:00 UTC", "Search Term": "anto", "Location": ""}, {"Date and time (hourly)": "2020-08-29 11:00:00 UTC", "Search Term": "ant", "Location": ""}, {"Date and time (hourly)": "2020-08-29 11:00:00 UTC", "Search Term": "an", "Location": ""}, {"Date and time (hourly)": "2020-08-29 11:00:00 UTC", "Search Term": "a", "Location": ""}, {"Date and time (hourly)": "2020-09-01 16:00:00 UTC", "Search Term": "m", "Location": ""}, {"Date and time (hourly)": "2020-08-30 13:00:00 UTC", "Search Term": "melanie", "Location": ""}, {"Date and time (hourly)": "2020-08-30 13:00:00 UTC", "Search Term": "melanie ", "Location": ""}, {"Date and time (hourly)": "2020-08-30 13:00:00 UTC", "Search Term": "melanie", "Location": ""}, {"Date and time (hourly)": "2020-08-30 13:00:00 UTC", "Search Term": "melani", "Location": ""}, {"Date and time (hourly)": "2020-08-30 13:00:00 UTC", "Search Term": "melan", "Location": ""}, {"Date and time (hourly)": "2020-08-30 13:00:00 UTC", "Search Term": "mela", "Location": ""}, {"Date and time (hourly)": "2020-08-30 13:00:00 UTC", "Search Term": "mel", "Location": ""}, {"Date and time (hourly)": "2020-08-30 13:00:00 UTC", "Search Term": "me", "Location": ""}, {"Date and time (hourly)": "2020-08-30 13:00:00 UTC", "Search Term": "mep", "Location": ""}, {"Date and time (hourly)": "2020-08-30 13:00:00 UTC", "Search Term": "mepa", "Location": ""}, {"Date and time (hourly)": "2020-08-30 13:00:00 UTC", "Search Term": "mepan", "Location": ""}, {"Date and time (hourly)": "2020-08-30 13:00:00 UTC", "Search Term": "mepani", "Location": ""}, {"Date and time (hourly)": "2020-08-30 13:00:00 UTC", "Search Term": "mepanie", "Location": ""}, {"Date and time (hourly)": "2020-08-30 13:00:00 UTC", "Search Term": "mepani", "Location": ""}, {"Date and time (hourly)": "2020-08-30 13:00:00 UTC", "Search Term": "mepan", "Location": ""}, {"Date and time (hourly)": "2020-08-30 13:00:00 UTC", "Search Term": "mepa", "Location": ""}, {"Date and time (hourly)": "2020-08-30 13:00:00 UTC", "Search Term": "mep", "Location": ""}, {"Date and time (hourly)": "2020-08-30 13:00:00 UTC", "Search Term": "me", "Location": ""}, {"Date and time (hourly)": "2020-08-30 13:00:00 UTC", "Search Term": "m", "Location": ""}, {"Date and time (hourly)": "2020-08-21 23:00:00 UTC", "Search Term": "d", "Location": ""}, {"Date and time (hourly)": "2020-08-21 23:00:00 UTC", "Search Term": "di", "Location": ""}, {"Date and time (hourly)": "2020-08-21 23:00:00 UTC", "Search Term": "din", "Location": ""}, {"Date and time (hourly)": "2020-08-21 23:00:00 UTC", "Search Term": "dind", "Location": ""}, {"Date and time (hourly)": "2020-08-21 23:00:00 UTC", "Search Term": "dindi", "Location": ""}, {"Date and time (hourly)": "2020-08-21 23:00:00 UTC", "Search Term": "dindip", "Location": ""}, {"Date and time (hourly)": "2020-08-21 23:00:00 UTC", "Search Term": "dindipi", "Location": ""}, {"Date and time (hourly)": "2020-08-21 23:00:00 UTC", "Search Term": "dindipir", "Location": ""}, {"Date and time (hourly)": "2020-08-21 23:00:00 UTC", "Search Term": "dindipira", "Location": ""}, {"Date and time (hourly)": "2020-08-21 23:00:00 UTC", "Search Term": "dindipirat", "Location": ""}, {"Date and time (hourly)": "2020-08-21 23:00:00 UTC", "Search Term": "dindipirat1", "Location": ""}, {"Date and time (hourly)": "2020-08-21 23:00:00 UTC", "Search Term": "dindipirat13", "Location": ""}, {"Date and time (hourly)": "2020-08-21 23:00:00 UTC", "Search Term": "dindipirat131", "Location": ""}, {"Date and time (hourly)": "2020-08-21 23:00:00 UTC", "Search Term": "dindipirat1312", "Location": ""}, {"Date and time (hourly)": "2020-09-05 23:00:00 UTC", "Search Term": "d", "Location": ""}, {"Date and time (hourly)": "2020-09-05 23:00:00 UTC", "Search Term": "di", "Location": ""}, {"Date and time (hourly)": "2020-09-05 23:00:00 UTC", "Search Term": "did", "Location": ""}, {"Date and time (hourly)": "2020-09-05 23:00:00 UTC", "Search Term": "dide", "Location": ""}, {"Date and time (hourly)": "2020-09-05 23:00:00 UTC", "Search Term": "dider", "Location": ""}, {"Date and time (hourly)": "2020-09-05 23:00:00 UTC", "Search Term": "didero", "Location": ""}, {"Date and time (hourly)": "2020-09-05 23:00:00 UTC", "Search Term": "dideroe", "Location": ""}, {"Date and time (hourly)": "2020-09-05 23:00:00 UTC", "Search Term": "dideroes", "Location": ""}, {"Date and time (hourly)": "2020-09-05 23:00:00 UTC", "Search Term": "dideroesi", "Location": ""}, {"Date and time (hourly)": "2020-09-05 23:00:00 UTC", "Search Term": "dideroesin", "Location": ""}, {"Date and time (hourly)": "2020-09-05 23:00:00 UTC", "Search Term": "dideroesink", "Location": ""}, {"Date and time (hourly)": "2020-09-05 23:00:00 UTC", "Search Term": "dideroesin", "Location": ""}, {"Date and time (hourly)": "2020-09-05 23:00:00 UTC", "Search Term": "dideroesi", "Location": ""}, {"Date and time (hourly)": "2020-09-05 23:00:00 UTC", "Search Term": "dideroes", "Location": ""}, {"Date and time (hourly)": "2020-09-05 23:00:00 UTC", "Search Term": "dideroe", "Location": ""}, {"Date and time (hourly)": "2020-09-05 23:00:00 UTC", "Search Term": "didero", "Location": ""}, {"Date and time (hourly)": "2020-09-05 23:00:00 UTC", "Search Term": "dider", "Location": ""}, {"Date and time (hourly)": "2020-09-05 23:00:00 UTC", "Search Term": "dide", "Location": ""}, {"Date and time (hourly)": "2020-09-05 23:00:00 UTC", "Search Term": "did", "Location": ""}, {"Date and time (hourly)": "2020-09-05 23:00:00 UTC", "Search Term": "di", "Location": ""}, {"Date and time (hourly)": "2020-09-05 23:00:00 UTC", "Search Term": "dis", "Location": ""}, {"Date and time (hourly)": "2020-09-05 23:00:00 UTC", "Search Term": "dise", "Location": ""}, {"Date and time (hourly)": "2020-09-05 23:00:00 UTC", "Search Term": "dis", "Location": ""}, {"Date and time (hourly)": "2020-09-05 23:00:00 UTC", "Search Term": "di", "Location": ""}, {"Date and time (hourly)": "2020-09-05 23:00:00 UTC", "Search Term": "dis", "Location": ""}, {"Date and time (hourly)": "2020-09-05 23:00:00 UTC", "Search Term": "di", "Location": ""}, {"Date and time (hourly)": "2020-09-05 23:00:00 UTC", "Search Term": "d", "Location": ""}, {"Date and time (hourly)": "2020-08-29 06:00:00 UTC", "Search Term": "pat", "Location": ""}, {"Date and time (hourly)": "2020-08-29 06:00:00 UTC", "Search Term": "pa", "Location": ""}, {"Date and time (hourly)": "2020-08-29 06:00:00 UTC", "Search Term": "p", "Location": ""}, {"Date and time (hourly)": "2020-08-21 23:00:00 UTC", "Search Term": "s", "Location": ""}, {"Date and time (hourly)": "2020-08-21 23:00:00 UTC", "Search Term": "sn", "Location": ""}, {"Date and time (hourly)": "2020-08-21 23:00:00 UTC", "Search Term": "sna", "Location": ""}, {"Date and time (hourly)": "2020-08-21 23:00:00 UTC", "Search Term": "snap", "Location": ""}, {"Date and time (hourly)": "2020-08-21 23:00:00 UTC", "Search Term": "snapp", "Location": ""}, {"Date and time (hourly)": "2020-08-21 23:00:00 UTC", "Search Term": "snappe", "Location": ""}, {"Date and time (hourly)": "2020-08-21 23:00:00 UTC", "Search Term": "snapper", "Location": ""}, {"Date and time (hourly)": "2020-08-21 23:00:00 UTC", "Search Term": "snapperh", "Location": ""}, {"Date and time (hourly)": "2020-08-21 23:00:00 UTC", "Search Term": "snapperhd", "Location": ""}, {"Date and time (hourly)": "2020-08-21 23:00:00 UTC", "Search Term": "dindipirat1312", "Location": ""}, {"Date and time (hourly)": "2020-08-30 14:00:00 UTC", "Search Term": "melan", "Location": ""}, {"Date and time (hourly)": "2020-08-30 14:00:00 UTC", "Search Term": "mela", "Location": ""}, {"Date and time (hourly)": "2020-08-30 14:00:00 UTC", "Search Term": "mel", "Location": ""}, {"Date and time (hourly)": "2020-08-30 14:00:00 UTC", "Search Term": "me", "Location": ""}, {"Date and time (hourly)": "2020-08-30 14:00:00 UTC", "Search Term": "m", "Location": ""}, {"Date and time (hourly)": "2020-08-29 17:00:00 UTC", "Search Term": "s", "Location": ""}, {"Date and time (hourly)": "2020-08-29 17:00:00 UTC", "Search Term": "sn", "Location": ""}, {"Date and time (hourly)": "2020-08-29 17:00:00 UTC", "Search Term": "sna", "Location": ""}, {"Date and time (hourly)": "2020-08-29 17:00:00 UTC", "Search Term": "snap", "Location": ""}, {"Date and time (hourly)": "2020-08-29 17:00:00 UTC", "Search Term": "snapp", "Location": ""}, {"Date and time (hourly)": "2020-08-29 17:00:00 UTC", "Search Term": "snappe", "Location": ""}, {"Date and time (hourly)": "2020-08-29 17:00:00 UTC", "Search Term": "snapp", "Location": ""}, {"Date and time (hourly)": "2020-08-29 17:00:00 UTC", "Search Term": "snap", "Location": ""}, {"Date and time (hourly)": "2020-08-29 17:00:00 UTC", "Search Term": "sna", "Location": ""}, {"Date and time (hourly)": "2020-08-29 17:00:00 UTC", "Search Term": "sn", "Location": ""}, {"Date and time (hourly)": "2020-08-29 17:00:00 UTC", "Search Term": "s", "Location": ""}, {"Date and time (hourly)": "2020-08-10 23:00:00 UTC", "Search Term": "lo", "Location": ""}, {"Date and time (hourly)": "2020-08-10 23:00:00 UTC", "Search Term": "l", "Location": ""}, {"Date and time (hourly)": "2020-08-10 23:00:00 UTC", "Search Term": "v", "Location": ""}, {"Date and time (hourly)": "2020-08-10 23:00:00 UTC", "Search Term": "vo", "Location": ""}, {"Date and time (hourly)": "2020-08-10 23:00:00 UTC", "Search Term": "vod", "Location": ""}, {"Date and time (hourly)": "2020-08-10 23:00:00 UTC", "Search Term": "vode", "Location": ""}, {"Date and time (hourly)": "2020-08-10 23:00:00 UTC", "Search Term": "vode ", "Location": ""}, {"Date and time (hourly)": "2020-08-10 23:00:00 UTC", "Search Term": "vode", "Location": ""}, {"Date and time (hourly)": "2020-08-10 23:00:00 UTC", "Search Term": "vod", "Location": ""}, {"Date and time (hourly)": "2020-08-10 23:00:00 UTC", "Search Term": "vo", "Location": ""}, {"Date and time (hourly)": "2020-08-10 23:00:00 UTC", "Search Term": "v", "Location": ""}]