{"Received Snap History": [{"From": "melanieee0805", "Media Type": "IMAGE", "Created": "2020-09-06 13:22:39 UTC"}, {"From": "melanieee0805", "Media Type": "IMAGE", "Created": "2020-09-06 03:06:00 UTC"}, {"From": "melanieee0805", "Media Type": "IMAGE", "Created": "2020-09-05 18:49:51 UTC"}, {"From": "leroygae", "Media Type": "IMAGE", "Created": "2020-09-05 18:47:43 UTC"}, {"From": "leroygae", "Media Type": "IMAGE", "Created": "2020-09-05 15:22:35 UTC"}, {"From": "melanieee0805", "Media Type": "IMAGE", "Created": "2020-09-05 14:56:09 UTC"}, {"From": "leroygae", "Media Type": "IMAGE", "Created": "2020-09-05 12:08:23 UTC"}, {"From": "melanieee0805", "Media Type": "IMAGE", "Created": "2020-09-04 20:20:49 UTC"}, {"From": "melanieee0805", "Media Type": "IMAGE", "Created": "2020-09-04 19:07:36 UTC"}, {"From": "melanieee0805", "Media Type": "IMAGE", "Created": "2020-09-04 19:06:43 UTC"}, {"From": "melanieee0805", "Media Type": "IMAGE", "Created": "2020-09-04 14:48:03 UTC"}, {"From": "melanieee0805", "Media Type": "IMAGE", "Created": "2020-09-04 14:47:53 UTC"}, {"From": "melanieee0805", "Media Type": "IMAGE", "Created": "2020-09-04 14:37:39 UTC"}, {"From": "biancax1993", "Media Type": "IMAGE", "Created": "2020-09-04 13:53:41 UTC"}, {"From": "biancax1993", "Media Type": "IMAGE", "Created": "2020-09-04 13:11:25 UTC"}, {"From": "biancax1993", "Media Type": "IMAGE", "Created": "2020-09-04 12:56:20 UTC"}, {"From": "biancax1993", "Media Type": "VIDEO", "Created": "2020-09-04 12:51:02 UTC"}, {"From": "biancax1993", "Media Type": "VIDEO", "Created": "2020-09-04 12:51:01 UTC"}, {"From": "leroygae", "Media Type": "IMAGE", "Created": "2020-09-04 03:16:58 UTC"}, {"From": "melanieee0805", "Media Type": "IMAGE", "Created": "2020-09-03 15:55:48 UTC"}, {"From": "kusjeannelie", "Media Type": "IMAGE", "Created": "2020-09-03 07:42:30 UTC"}, {"From": "leroygae", "Media Type": "IMAGE", "Created": "2020-09-03 07:04:03 UTC"}, {"From": "leroygae", "Media Type": "IMAGE", "Created": "2020-09-03 03:21:57 UTC"}, {"From": "melanieee0805", "Media Type": "IMAGE", "Created": "2020-09-02 21:00:03 UTC"}, {"From": "melanieee0805", "Media Type": "IMAGE", "Created": "2020-09-02 19:30:35 UTC"}, {"From": "melanieee0805", "Media Type": "IMAGE", "Created": "2020-09-02 19:27:14 UTC"}, {"From": "leroygae", "Media Type": "IMAGE", "Created": "2020-09-02 18:39:05 UTC"}, {"From": "melanieee0805", "Media Type": "IMAGE", "Created": "2020-09-02 17:08:07 UTC"}, {"From": "melanieee0805", "Media Type": "IMAGE", "Created": "2020-09-02 16:05:26 UTC"}, {"From": "melanieee0805", "Media Type": "IMAGE", "Created": "2020-09-02 13:58:07 UTC"}, {"From": "melanieee0805", "Media Type": "IMAGE", "Created": "2020-09-02 13:55:58 UTC"}, {"From": "kusjeannelie", "Media Type": "IMAGE", "Created": "2020-09-02 10:43:24 UTC"}, {"From": "de-rooie", "Media Type": "IMAGE", "Created": "2020-09-01 19:38:10 UTC"}, {"From": "kusjeannelie", "Media Type": "VIDEO", "Created": "2020-09-01 17:06:28 UTC"}, {"From": "biancax1993", "Media Type": "IMAGE", "Created": "2020-09-01 16:08:34 UTC"}, {"From": "melanieee0805", "Media Type": "VIDEO", "Created": "2020-09-01 15:35:51 UTC"}, {"From": "melanieee0805", "Media Type": "VIDEO", "Created": "2020-09-01 15:35:50 UTC"}, {"From": "melanieee0805", "Media Type": "VIDEO", "Created": "2020-09-01 13:09:35 UTC"}, {"From": "melanieee0805", "Media Type": "VIDEO", "Created": "2020-09-01 12:29:25 UTC"}, {"From": "melanieee0805", "Media Type": "VIDEO", "Created": "2020-09-01 06:57:56 UTC"}, {"From": "kusjeannelie", "Media Type": "IMAGE", "Created": "2020-08-31 20:32:23 UTC"}, {"From": "biancax1993", "Media Type": "IMAGE", "Created": "2020-08-31 16:24:40 UTC"}, {"From": "kusjeannelie", "Media Type": "IMAGE", "Created": "2020-08-31 11:45:42 UTC"}, {"From": "kusjeannelie", "Media Type": "VIDEO", "Created": "2020-08-30 19:57:03 UTC"}, {"From": "andybmx76", "Media Type": "IMAGE", "Created": "2020-08-30 19:27:57 UTC"}, {"From": "kusjeannelie", "Media Type": "IMAGE", "Created": "2020-08-30 19:13:29 UTC"}, {"From": "jesperhaf", "Media Type": "IMAGE", "Created": "2020-08-30 19:12:17 UTC"}, {"From": "kusjeannelie", "Media Type": "VIDEO", "Created": "2020-08-30 19:11:27 UTC"}, {"From": "kusjeannelie", "Media Type": "VIDEO", "Created": "2020-08-30 19:11:26 UTC"}, {"From": "leroygae", "Media Type": "IMAGE", "Created": "2020-08-30 19:04:22 UTC"}, {"From": "kusjeannelie", "Media Type": "VIDEO", "Created": "2020-08-30 17:40:12 UTC"}, {"From": "kusjeannelie", "Media Type": "VIDEO", "Created": "2020-08-30 17:40:11 UTC"}, {"From": "kusjeannelie", "Media Type": "VIDEO", "Created": "2020-08-30 17:40:09 UTC"}, {"From": "kusjeannelie", "Media Type": "IMAGE", "Created": "2020-08-30 17:37:46 UTC"}, {"From": "melanieee0805", "Media Type": "VIDEO", "Created": "2020-08-30 17:34:24 UTC"}, {"From": "kusjeannelie", "Media Type": "VIDEO", "Created": "2020-08-30 17:16:34 UTC"}, {"From": "kusjeannelie", "Media Type": "VIDEO", "Created": "2020-08-30 17:16:32 UTC"}, {"From": "kusjeannelie", "Media Type": "VIDEO", "Created": "2020-08-30 17:13:00 UTC"}, {"From": "melanieee0805", "Media Type": "IMAGE", "Created": "2020-08-30 16:50:31 UTC"}, {"From": "kusjeannelie", "Media Type": "VIDEO", "Created": "2020-08-30 16:21:07 UTC"}, {"From": "kusjeannelie", "Media Type": "VIDEO", "Created": "2020-08-30 16:17:46 UTC"}, {"From": "kusjeannelie", "Media Type": "VIDEO", "Created": "2020-08-30 16:17:45 UTC"}, {"From": "biancax1993", "Media Type": "IMAGE", "Created": "2020-08-30 15:47:38 UTC"}, {"From": "kusjeannelie", "Media Type": "VIDEO", "Created": "2020-08-30 15:44:16 UTC"}, {"From": "biancax1993", "Media Type": "IMAGE", "Created": "2020-08-30 12:44:23 UTC"}, {"From": "kusjeannelie", "Media Type": "IMAGE", "Created": "2020-08-30 12:40:25 UTC"}, {"From": "melanieee0805", "Media Type": "IMAGE", "Created": "2020-08-30 10:48:55 UTC"}, {"From": "melanieee0805", "Media Type": "IMAGE", "Created": "2020-08-29 21:14:22 UTC"}, {"From": "melanieee0805", "Media Type": "IMAGE", "Created": "2020-08-29 20:13:44 UTC"}, {"From": "biancax1993", "Media Type": "IMAGE", "Created": "2020-08-29 17:01:17 UTC"}, {"From": "jellegroen39", "Media Type": "VIDEO", "Created": "2020-08-29 15:46:25 UTC"}, {"From": "melanieee0805", "Media Type": "IMAGE", "Created": "2020-08-29 15:03:05 UTC"}, {"From": "melanieee0805", "Media Type": "IMAGE", "Created": "2020-08-29 14:04:47 UTC"}, {"From": "melanieee0805", "Media Type": "IMAGE", "Created": "2020-08-29 14:04:00 UTC"}, {"From": "biancax1993", "Media Type": "IMAGE", "Created": "2020-08-29 13:13:29 UTC"}, {"From": "biancax1993", "Media Type": "IMAGE", "Created": "2020-08-29 12:49:34 UTC"}, {"From": "biancax1993", "Media Type": "IMAGE", "Created": "2020-08-29 12:32:04 UTC"}, {"From": "elisakoekkoek", "Media Type": "VIDEO", "Created": "2020-08-29 12:27:49 UTC"}, {"From": "biancax1993", "Media Type": "IMAGE", "Created": "2020-08-29 12:19:23 UTC"}, {"From": "teamsnapchat", "Media Type": "VIDEO", "Created": "2020-08-29 11:57:12 UTC"}, {"From": "melanieee0805", "Media Type": "IMAGE", "Created": "2020-08-29 11:33:08 UTC"}, {"From": "biancax1993", "Media Type": "VIDEO", "Created": "2020-08-29 11:09:44 UTC"}, {"From": "biancax1993", "Media Type": "VIDEO", "Created": "2020-08-29 10:52:21 UTC"}, {"From": "biancax1993", "Media Type": "VIDEO", "Created": "2020-08-29 10:52:21 UTC"}, {"From": "biancax1993", "Media Type": "VIDEO", "Created": "2020-08-29 10:52:20 UTC"}, {"From": "melanieee0805", "Media Type": "IMAGE", "Created": "2020-08-28 13:17:42 UTC"}, {"From": "melanieee0805", "Media Type": "IMAGE", "Created": "2020-08-28 13:16:23 UTC"}, {"From": "leroygae", "Media Type": "VIDEO", "Created": "2020-08-28 10:46:02 UTC"}, {"From": "melanieee0805", "Media Type": "IMAGE", "Created": "2020-08-27 18:11:32 UTC"}, {"From": "melanieee0805", "Media Type": "IMAGE", "Created": "2020-08-27 13:45:36 UTC"}, {"From": "melanieee0805", "Media Type": "IMAGE", "Created": "2020-08-22 17:07:46 UTC"}, {"From": "dindipirat1312", "Media Type": "IMAGE", "Created": "2020-08-22 08:38:51 UTC"}, {"From": "bb01k", "Media Type": "VIDEO", "Created": "2020-08-21 20:00:16 UTC"}, {"From": "bb01k", "Media Type": "IMAGE", "Created": "2020-08-21 19:18:14 UTC"}, {"From": "bb01k", "Media Type": "IMAGE", "Created": "2020-08-21 19:02:13 UTC"}, {"From": "dindipirat1312", "Media Type": "IMAGE", "Created": "2020-08-20 21:31:11 UTC"}, {"From": "dindipirat1312", "Media Type": "IMAGE", "Created": "2020-08-19 16:12:33 UTC"}, {"From": "dg_sven", "Media Type": "IMAGE", "Created": "2020-08-18 20:35:48 UTC"}, {"From": "bb01k", "Media Type": "VIDEO", "Created": "2020-08-18 09:11:19 UTC"}, {"From": "bb01k", "Media Type": "VIDEO", "Created": "2020-08-18 08:40:59 UTC"}, {"From": "bb01k", "Media Type": "VIDEO", "Created": "2020-08-18 08:40:57 UTC"}, {"From": "bb01k", "Media Type": "VIDEO", "Created": "2020-08-18 08:40:55 UTC"}, {"From": "bb01k", "Media Type": "IMAGE", "Created": "2020-08-16 12:32:49 UTC"}, {"From": "bb01k", "Media Type": "IMAGE", "Created": "2020-08-16 11:14:43 UTC"}, {"From": "dindipirat1312", "Media Type": "VIDEO", "Created": "2020-08-16 07:58:51 UTC"}, {"From": "dindipirat1312", "Media Type": "VIDEO", "Created": "2020-08-16 07:58:50 UTC"}, {"From": "dindipirat1312", "Media Type": "VIDEO", "Created": "2020-08-16 07:58:49 UTC"}, {"From": "melanieee0805", "Media Type": "IMAGE", "Created": "2020-08-15 22:17:43 UTC"}, {"From": "davevanbreen", "Media Type": "VIDEO", "Created": "2020-08-15 21:26:25 UTC"}, {"From": "melanieee0805", "Media Type": "IMAGE", "Created": "2020-08-15 20:00:25 UTC"}, {"From": "bb01k", "Media Type": "VIDEO", "Created": "2020-08-15 16:58:38 UTC"}, {"From": "bb01k", "Media Type": "VIDEO", "Created": "2020-08-15 16:58:35 UTC"}, {"From": "bb01k", "Media Type": "VIDEO", "Created": "2020-08-15 15:51:36 UTC"}, {"From": "bb01k", "Media Type": "VIDEO", "Created": "2020-08-15 15:51:35 UTC"}, {"From": "bb01k", "Media Type": "VIDEO", "Created": "2020-08-15 15:51:35 UTC"}, {"From": "davevanbreen", "Media Type": "VIDEO", "Created": "2020-08-15 09:41:23 UTC"}, {"From": "koenharmelink", "Media Type": "IMAGE", "Created": "2020-08-15 09:29:50 UTC"}, {"From": "davevanbreen", "Media Type": "IMAGE", "Created": "2020-08-14 22:20:26 UTC"}, {"From": "melanieee0805", "Media Type": "VIDEO", "Created": "2020-08-14 15:54:31 UTC"}, {"From": "melanieee0805", "Media Type": "VIDEO", "Created": "2020-08-14 15:54:31 UTC"}, {"From": "melanieee0805", "Media Type": "VIDEO", "Created": "2020-08-14 15:48:12 UTC"}, {"From": "melanieee0805", "Media Type": "VIDEO", "Created": "2020-08-14 15:48:12 UTC"}, {"From": "bb01k", "Media Type": "VIDEO", "Created": "2020-08-14 12:29:35 UTC"}, {"From": "bb01k", "Media Type": "VIDEO", "Created": "2020-08-14 12:29:31 UTC"}, {"From": "bb01k", "Media Type": "IMAGE", "Created": "2020-08-14 10:56:58 UTC"}, {"From": "bb01k", "Media Type": "VIDEO", "Created": "2020-08-14 10:00:40 UTC"}, {"From": "rregterschot23", "Media Type": "IMAGE", "Created": "2020-08-13 14:41:03 UTC"}, {"From": "bb01k", "Media Type": "IMAGE", "Created": "2020-08-12 20:29:13 UTC"}, {"From": "bb01k", "Media Type": "VIDEO", "Created": "2020-08-12 11:07:48 UTC"}, {"From": "davevanbreen", "Media Type": "VIDEO", "Created": "2020-08-11 20:20:40 UTC"}, {"From": "davevanbreen", "Media Type": "VIDEO", "Created": "2020-08-11 20:20:39 UTC"}, {"From": "davevanbreen", "Media Type": "VIDEO", "Created": "2020-08-11 20:20:37 UTC"}, {"From": "davevanbreen", "Media Type": "VIDEO", "Created": "2020-08-11 19:09:17 UTC"}, {"From": "bb01k", "Media Type": "IMAGE", "Created": "2020-08-11 09:03:16 UTC"}, {"From": "bb01k", "Media Type": "IMAGE", "Created": "2020-08-06 18:58:30 UTC"}], "Sent Snap History": [{"To": "biancax1993", "Media Type": "IMAGE", "Created": "2020-08-29 10:57:05 UTC"}, {"To": "melanieee0805", "Media Type": "IMAGE", "Created": "2020-08-29 08:19:26 UTC"}, {"To": "melanieee0805", "Media Type": "IMAGE", "Created": "2020-08-29 07:56:15 UTC"}, {"To": "melanieee0805", "Media Type": "IMAGE", "Created": "2020-08-28 13:17:06 UTC"}, {"To": "melanieee0805", "Media Type": "IMAGE", "Created": "2020-08-28 11:02:56 UTC"}, {"To": "melanieee0805", "Media Type": "IMAGE", "Created": "2020-09-06 09:53:49 UTC"}, {"To": "leroygae", "Media Type": "IMAGE", "Created": "2020-09-06 08:37:50 UTC"}, {"To": "melanieee0805", "Media Type": "IMAGE", "Created": "2020-09-06 01:39:07 UTC"}, {"To": "remcoboef", "Media Type": "IMAGE", "Created": "2020-09-05 17:39:09 UTC"}, {"To": "seleeeeeeen", "Media Type": "IMAGE", "Created": "2020-09-05 17:39:09 UTC"}, {"To": "andybmx76", "Media Type": "IMAGE", "Created": "2020-09-05 17:39:09 UTC"}, {"To": "leroygae", "Media Type": "IMAGE", "Created": "2020-09-05 17:39:09 UTC"}, {"To": "downiemooibooy", "Media Type": "IMAGE", "Created": "2020-09-05 17:39:09 UTC"}, {"To": "biancax1993", "Media Type": "IMAGE", "Created": "2020-09-05 17:39:09 UTC"}, {"To": "melanieee0805", "Media Type": "IMAGE", "Created": "2020-09-05 17:39:09 UTC"}, {"To": "seleeeeeeen", "Media Type": "IMAGE", "Created": "2020-09-05 13:48:08 UTC"}, {"To": "andybmx76", "Media Type": "IMAGE", "Created": "2020-09-05 13:48:08 UTC"}, {"To": "downiemooibooy", "Media Type": "IMAGE", "Created": "2020-09-05 13:48:08 UTC"}, {"To": "biancax1993", "Media Type": "IMAGE", "Created": "2020-09-05 13:48:08 UTC"}, {"To": "melanieee0805", "Media Type": "IMAGE", "Created": "2020-09-05 13:48:08 UTC"}, {"To": "leroygae", "Media Type": "IMAGE", "Created": "2020-09-05 13:48:08 UTC"}, {"To": "remcoboef", "Media Type": "IMAGE", "Created": "2020-09-05 13:48:08 UTC"}, {"To": "downiemooibooy", "Media Type": "IMAGE", "Created": "2020-09-05 12:31:06 UTC"}, {"To": "biancax1993", "Media Type": "IMAGE", "Created": "2020-09-05 12:31:06 UTC"}, {"To": "leroygae", "Media Type": "IMAGE", "Created": "2020-09-05 12:31:06 UTC"}, {"To": "remcoboef", "Media Type": "IMAGE", "Created": "2020-09-05 12:31:06 UTC"}, {"To": "seleeeeeeen", "Media Type": "IMAGE", "Created": "2020-09-05 12:31:06 UTC"}, {"To": "andybmx76", "Media Type": "IMAGE", "Created": "2020-09-05 12:31:06 UTC"}, {"To": "melanieee0805", "Media Type": "IMAGE", "Created": "2020-09-05 12:31:06 UTC"}, {"To": "andybmx76", "Media Type": "IMAGE", "Created": "2020-09-04 19:06:49 UTC"}, {"To": "remcoboef", "Media Type": "IMAGE", "Created": "2020-09-04 19:06:49 UTC"}, {"To": "leroygae", "Media Type": "IMAGE", "Created": "2020-09-04 19:06:49 UTC"}, {"To": "melanieee0805", "Media Type": "IMAGE", "Created": "2020-09-04 19:06:49 UTC"}, {"To": "seleeeeeeen", "Media Type": "IMAGE", "Created": "2020-09-04 19:06:49 UTC"}, {"To": "downiemooibooy", "Media Type": "IMAGE", "Created": "2020-09-04 19:06:49 UTC"}, {"To": "biancax1993", "Media Type": "IMAGE", "Created": "2020-09-04 19:06:49 UTC"}, {"To": "biancax1993", "Media Type": "IMAGE", "Created": "2020-09-04 12:58:46 UTC"}, {"To": "melanieee0805", "Media Type": "IMAGE", "Created": "2020-09-04 09:52:10 UTC"}, {"To": "leroygae", "Media Type": "IMAGE", "Created": "2020-09-04 09:52:10 UTC"}, {"To": "biancax1993", "Media Type": "IMAGE", "Created": "2020-09-04 09:52:10 UTC"}, {"To": "remcoboef", "Media Type": "IMAGE", "Created": "2020-09-04 09:52:10 UTC"}, {"To": "downiemooibooy", "Media Type": "IMAGE", "Created": "2020-09-04 09:52:10 UTC"}, {"To": "andybmx76", "Media Type": "IMAGE", "Created": "2020-09-04 09:52:10 UTC"}, {"To": "jesperhaf", "Media Type": "IMAGE", "Created": "2020-09-04 06:37:43 UTC"}, {"To": "leroygae", "Media Type": "IMAGE", "Created": "2020-09-04 06:37:43 UTC"}, {"To": "chieltjuhh", "Media Type": "IMAGE", "Created": "2020-09-04 06:37:43 UTC"}, {"To": "kasperdiks", "Media Type": "IMAGE", "Created": "2020-09-04 06:37:43 UTC"}, {"To": "seleeeeeeen", "Media Type": "IMAGE", "Created": "2020-09-04 06:37:43 UTC"}, {"To": "remcoboef", "Media Type": "IMAGE", "Created": "2020-09-04 06:37:43 UTC"}, {"To": "biancax1993", "Media Type": "IMAGE", "Created": "2020-09-04 06:37:43 UTC"}, {"To": "andybmx76", "Media Type": "IMAGE", "Created": "2020-09-04 06:37:43 UTC"}, {"To": "melanieee0805", "Media Type": "IMAGE", "Created": "2020-09-04 06:37:43 UTC"}, {"To": "melanieee0805", "Media Type": "IMAGE", "Created": "2020-09-03 12:49:22 UTC"}, {"To": "leroygae", "Media Type": "IMAGE", "Created": "2020-09-03 12:49:22 UTC"}, {"To": "kusjeannelie", "Media Type": "IMAGE", "Created": "2020-09-03 12:49:22 UTC"}, {"To": "biancax1993", "Media Type": "IMAGE", "Created": "2020-09-03 12:49:22 UTC"}, {"To": "leroygae", "Media Type": "IMAGE", "Created": "2020-09-03 06:58:13 UTC"}, {"To": "remcoboef", "Media Type": "IMAGE", "Created": "2020-09-03 06:58:13 UTC"}, {"To": "kasperdiks", "Media Type": "IMAGE", "Created": "2020-09-03 06:58:13 UTC"}, {"To": "melanieee0805", "Media Type": "IMAGE", "Created": "2020-09-03 06:58:13 UTC"}, {"To": "chieltjuhh", "Media Type": "IMAGE", "Created": "2020-09-03 06:58:13 UTC"}, {"To": "kusjeannelie", "Media Type": "IMAGE", "Created": "2020-09-03 06:58:13 UTC"}, {"To": "jesperhaf", "Media Type": "IMAGE", "Created": "2020-09-03 06:58:13 UTC"}, {"To": "seleeeeeeen", "Media Type": "IMAGE", "Created": "2020-09-03 06:58:13 UTC"}, {"To": "biancax1993", "Media Type": "IMAGE", "Created": "2020-09-03 06:58:13 UTC"}, {"To": "melanieee0805", "Media Type": "IMAGE", "Created": "2020-09-02 16:06:01 UTC"}, {"To": "melanieee0805", "Media Type": "IMAGE", "Created": "2020-09-02 13:56:34 UTC"}, {"To": "andybmx76", "Media Type": "IMAGE", "Created": "2020-09-02 13:37:13 UTC"}, {"To": "kasperdiks", "Media Type": "IMAGE", "Created": "2020-09-02 13:37:13 UTC"}, {"To": "jesperhaf", "Media Type": "IMAGE", "Created": "2020-09-02 13:37:13 UTC"}, {"To": "melanieee0805", "Media Type": "IMAGE", "Created": "2020-09-02 13:37:13 UTC"}, {"To": "biancax1993", "Media Type": "IMAGE", "Created": "2020-09-02 13:37:13 UTC"}, {"To": "remcoboef", "Media Type": "IMAGE", "Created": "2020-09-02 13:37:13 UTC"}, {"To": "kusjeannelie", "Media Type": "IMAGE", "Created": "2020-09-02 13:37:13 UTC"}, {"To": "chieltjuhh", "Media Type": "IMAGE", "Created": "2020-09-02 13:37:13 UTC"}, {"To": "leroygae", "Media Type": "IMAGE", "Created": "2020-09-02 13:37:13 UTC"}, {"To": "seleeeeeeen", "Media Type": "IMAGE", "Created": "2020-09-02 13:37:13 UTC"}, {"To": "kusjeannelie", "Media Type": "IMAGE", "Created": "2020-09-02 10:42:04 UTC"}, {"To": "andybmx76", "Media Type": "IMAGE", "Created": "2020-09-02 10:42:04 UTC"}, {"To": "remcoboef", "Media Type": "IMAGE", "Created": "2020-09-02 10:42:04 UTC"}, {"To": "melanieee0805", "Media Type": "IMAGE", "Created": "2020-09-02 10:42:04 UTC"}, {"To": "biancax1993", "Media Type": "IMAGE", "Created": "2020-09-02 10:42:04 UTC"}, {"To": "chieltjuhh", "Media Type": "IMAGE", "Created": "2020-09-02 10:42:04 UTC"}, {"To": "xx_jessiica", "Media Type": "IMAGE", "Created": "2020-09-02 10:42:04 UTC"}, {"To": "seleeeeeeen", "Media Type": "IMAGE", "Created": "2020-09-02 10:42:04 UTC"}, {"To": "shirel.gh", "Media Type": "IMAGE", "Created": "2020-09-02 10:42:04 UTC"}, {"To": "leroygae", "Media Type": "IMAGE", "Created": "2020-09-02 10:42:04 UTC"}, {"To": "leroygae", "Media Type": "IMAGE", "Created": "2020-09-01 08:28:57 UTC"}, {"To": "biancax1993", "Media Type": "IMAGE", "Created": "2020-09-01 08:28:57 UTC"}, {"To": "melanieee0805", "Media Type": "IMAGE", "Created": "2020-09-01 08:28:57 UTC"}, {"To": "kusjeannelie", "Media Type": "IMAGE", "Created": "2020-09-01 08:28:57 UTC"}, {"To": "biancax1993", "Media Type": "IMAGE", "Created": "2020-09-01 06:37:58 UTC"}, {"To": "melanieee0805", "Media Type": "IMAGE", "Created": "2020-09-01 06:37:58 UTC"}, {"To": "kusjeannelie", "Media Type": "IMAGE", "Created": "2020-09-01 06:37:58 UTC"}, {"To": "leroygae", "Media Type": "IMAGE", "Created": "2020-09-01 06:37:58 UTC"}, {"To": "melanieee0805", "Media Type": "IMAGE", "Created": "2020-08-31 13:58:18 UTC"}, {"To": "biancax1993", "Media Type": "IMAGE", "Created": "2020-08-31 13:48:13 UTC"}, {"To": "kusjeannelie", "Media Type": "IMAGE", "Created": "2020-08-31 13:48:13 UTC"}, {"To": "leroygae", "Media Type": "IMAGE", "Created": "2020-08-31 13:48:13 UTC"}, {"To": "melanieee0805", "Media Type": "IMAGE", "Created": "2020-08-31 13:48:13 UTC"}, {"To": "kusjeannelie", "Media Type": "IMAGE", "Created": "2020-08-31 13:09:25 UTC"}, {"To": "biancax1993", "Media Type": "IMAGE", "Created": "2020-08-31 12:16:38 UTC"}, {"To": "jesperhaf", "Media Type": "IMAGE", "Created": "2020-08-30 19:12:45 UTC"}, {"To": "kusjeannelie", "Media Type": "IMAGE", "Created": "2020-08-30 19:11:59 UTC"}, {"To": "xx_jessiica", "Media Type": "IMAGE", "Created": "2020-08-30 19:10:08 UTC"}, {"To": "ferdiolst2020", "Media Type": "IMAGE", "Created": "2020-08-30 19:10:08 UTC"}, {"To": "robindegrutter", "Media Type": "IMAGE", "Created": "2020-08-30 19:10:08 UTC"}, {"To": "biancax1993", "Media Type": "IMAGE", "Created": "2020-08-30 19:10:08 UTC"}, {"To": "toniavrijszen", "Media Type": "IMAGE", "Created": "2020-08-30 19:10:08 UTC"}, {"To": "shirel.gh", "Media Type": "IMAGE", "Created": "2020-08-30 19:10:08 UTC"}, {"To": "xmelaniebongers", "Media Type": "IMAGE", "Created": "2020-08-30 19:10:08 UTC"}, {"To": "ernahuskoo", "Media Type": "IMAGE", "Created": "2020-08-30 19:10:08 UTC"}, {"To": "downiemooibooy", "Media Type": "IMAGE", "Created": "2020-08-30 19:10:08 UTC"}, {"To": "sventa1600", "Media Type": "IMAGE", "Created": "2020-08-30 19:10:08 UTC"}, {"To": "mvanengelen35", "Media Type": "IMAGE", "Created": "2020-08-30 19:10:08 UTC"}, {"To": "jess", "Media Type": "IMAGE", "Created": "2020-08-30 19:10:08 UTC"}, {"To": "melaniyuhh", "Media Type": "IMAGE", "Created": "2020-08-30 19:10:08 UTC"}, {"To": "jesperhaf", "Media Type": "IMAGE", "Created": "2020-08-30 19:10:08 UTC"}, {"To": "kasperdiks", "Media Type": "IMAGE", "Created": "2020-08-30 19:10:08 UTC"}, {"To": "melvin_klei2019", "Media Type": "IMAGE", "Created": "2020-08-30 19:10:08 UTC"}, {"To": "syp.dejong", "Media Type": "IMAGE", "Created": "2020-08-30 19:10:08 UTC"}, {"To": "xpatricia", "Media Type": "IMAGE", "Created": "2020-08-30 19:10:08 UTC"}, {"To": "kareltjekowet", "Media Type": "IMAGE", "Created": "2020-08-30 19:10:08 UTC"}, {"To": "leroygae", "Media Type": "IMAGE", "Created": "2020-08-30 19:10:08 UTC"}, {"To": "melanie_dom9546", "Media Type": "IMAGE", "Created": "2020-08-30 19:10:08 UTC"}, {"To": "maureenkhb", "Media Type": "IMAGE", "Created": "2020-08-30 19:10:08 UTC"}, {"To": "chieltjuhh", "Media Type": "IMAGE", "Created": "2020-08-30 19:10:08 UTC"}, {"To": "andybmx76", "Media Type": "IMAGE", "Created": "2020-08-30 19:10:08 UTC"}, {"To": "kusjeannelie", "Media Type": "IMAGE", "Created": "2020-08-30 19:10:08 UTC"}, {"To": "melanieee0805", "Media Type": "IMAGE", "Created": "2020-08-30 19:10:08 UTC"}, {"To": "lisannefct", "Media Type": "IMAGE", "Created": "2020-08-30 19:10:08 UTC"}, {"To": "biancax1993", "Media Type": "IMAGE", "Created": "2020-08-30 19:03:19 UTC"}, {"To": "xmelaniebongers", "Media Type": "IMAGE", "Created": "2020-08-30 19:03:19 UTC"}, {"To": "leroygae", "Media Type": "IMAGE", "Created": "2020-08-30 19:03:19 UTC"}, {"To": "andybmx76", "Media Type": "IMAGE", "Created": "2020-08-30 19:03:19 UTC"}, {"To": "mvanengelen35", "Media Type": "IMAGE", "Created": "2020-08-30 19:03:19 UTC"}, {"To": "maureenkhb", "Media Type": "IMAGE", "Created": "2020-08-30 19:03:19 UTC"}, {"To": "melanieee0805", "Media Type": "IMAGE", "Created": "2020-08-30 19:03:19 UTC"}, {"To": "kusjeannelie", "Media Type": "IMAGE", "Created": "2020-08-30 19:03:19 UTC"}, {"To": "melanieee0805", "Media Type": "IMAGE", "Created": "2020-08-30 16:54:07 UTC"}, {"To": "melanieee0805", "Media Type": "IMAGE", "Created": "2020-08-30 16:15:34 UTC"}, {"To": "downiemooibooy", "Media Type": "IMAGE", "Created": "2020-08-30 16:15:34 UTC"}, {"To": "ferdiolst2020", "Media Type": "IMAGE", "Created": "2020-08-30 16:15:34 UTC"}, {"To": "biancax1993", "Media Type": "IMAGE", "Created": "2020-08-30 16:15:34 UTC"}, {"To": "shirel.gh", "Media Type": "IMAGE", "Created": "2020-08-30 16:15:34 UTC"}, {"To": "leroygae", "Media Type": "IMAGE", "Created": "2020-08-30 16:15:34 UTC"}, {"To": "kusjeannelie", "Media Type": "IMAGE", "Created": "2020-08-30 16:15:34 UTC"}, {"To": "andybmx76", "Media Type": "IMAGE", "Created": "2020-08-30 16:15:34 UTC"}, {"To": "chieltjuhh", "Media Type": "IMAGE", "Created": "2020-08-30 16:15:34 UTC"}, {"To": "toniavrijszen", "Media Type": "IMAGE", "Created": "2020-08-30 16:15:34 UTC"}, {"To": "syp.dejong", "Media Type": "IMAGE", "Created": "2020-08-30 16:15:34 UTC"}, {"To": "melanieee0805", "Media Type": "IMAGE", "Created": "2020-08-30 16:00:15 UTC"}, {"To": "melanieee0805", "Media Type": "IMAGE", "Created": "2020-08-30 15:13:35 UTC"}, {"To": "biancax1993", "Media Type": "IMAGE", "Created": "2020-08-30 12:50:45 UTC"}, {"To": "kusjeannelie", "Media Type": "IMAGE", "Created": "2020-08-30 12:43:52 UTC"}, {"To": "leroygae", "Media Type": "IMAGE", "Created": "2020-08-30 12:43:52 UTC"}, {"To": "melanieee0805", "Media Type": "IMAGE", "Created": "2020-08-30 12:43:52 UTC"}, {"To": "biancax1993", "Media Type": "IMAGE", "Created": "2020-08-30 12:43:52 UTC"}, {"To": "melanieee0805", "Media Type": "IMAGE", "Created": "2020-08-30 11:18:57 UTC"}, {"To": "leroygae", "Media Type": "IMAGE", "Created": "2020-08-30 11:18:57 UTC"}, {"To": "kusjeannelie", "Media Type": "IMAGE", "Created": "2020-08-30 11:18:57 UTC"}, {"To": "melvin_klei2019", "Media Type": "IMAGE", "Created": "2020-08-30 11:18:57 UTC"}, {"To": "biancax1993", "Media Type": "IMAGE", "Created": "2020-08-30 11:18:57 UTC"}, {"To": "melanieee0805", "Media Type": "IMAGE", "Created": "2020-08-29 21:39:48 UTC"}, {"To": "melanieee0805", "Media Type": "IMAGE", "Created": "2020-08-29 21:26:06 UTC"}, {"To": "melanieee0805", "Media Type": "IMAGE", "Created": "2020-08-29 21:16:21 UTC"}, {"To": "melanieee0805", "Media Type": "IMAGE", "Created": "2020-08-29 21:12:40 UTC"}, {"To": "melanieee0805", "Media Type": "IMAGE", "Created": "2020-08-29 20:14:20 UTC"}, {"To": "melanieee0805", "Media Type": "IMAGE", "Created": "2020-08-29 20:12:49 UTC"}, {"To": "melanieee0805", "Media Type": "IMAGE", "Created": "2020-08-29 19:50:32 UTC"}, {"To": "biancax1993", "Media Type": "IMAGE", "Created": "2020-08-29 19:46:01 UTC"}, {"To": "melanieee0805", "Media Type": "IMAGE", "Created": "2020-08-29 19:46:01 UTC"}, {"To": "leroygae", "Media Type": "IMAGE", "Created": "2020-08-29 19:46:01 UTC"}, {"To": "remcoboef", "Media Type": "IMAGE", "Created": "2020-08-29 19:46:01 UTC"}, {"To": "mldvm", "Media Type": "IMAGE", "Created": "2020-08-29 19:46:01 UTC"}, {"To": "xx_jessiica", "Media Type": "IMAGE", "Created": "2020-08-29 19:46:01 UTC"}, {"To": "melanieee0805", "Media Type": "IMAGE", "Created": "2020-08-29 19:12:45 UTC"}, {"To": "melanieee0805", "Media Type": "IMAGE", "Created": "2020-08-29 16:26:14 UTC"}, {"To": "melanieee0805", "Media Type": "IMAGE", "Created": "2020-08-29 15:53:11 UTC"}, {"To": "melanieee0805", "Media Type": "IMAGE", "Created": "2020-08-29 15:46:24 UTC"}, {"To": "melanieee0805", "Media Type": "IMAGE", "Created": "2020-08-29 15:44:40 UTC"}, {"To": "biancax1993", "Media Type": "IMAGE", "Created": "2020-08-29 15:15:49 UTC"}, {"To": "melanieee0805", "Media Type": "IMAGE", "Created": "2020-08-29 15:00:56 UTC"}, {"To": "melanieee0805", "Media Type": "IMAGE", "Created": "2020-08-29 14:59:55 UTC"}, {"To": "leroygae", "Media Type": "IMAGE", "Created": "2020-08-29 14:09:29 UTC"}, {"To": "biancax1993", "Media Type": "IMAGE", "Created": "2020-08-29 14:09:29 UTC"}, {"To": "melanieee0805", "Media Type": "IMAGE", "Created": "2020-08-29 14:09:29 UTC"}, {"To": "antonia_moraes", "Media Type": "IMAGE", "Created": "2020-08-29 14:09:29 UTC"}, {"To": "melanieee0805", "Media Type": "IMAGE", "Created": "2020-08-29 14:07:55 UTC"}, {"To": "melanieee0805", "Media Type": "IMAGE", "Created": "2020-08-29 14:05:03 UTC"}, {"To": "melanieee0805", "Media Type": "IMAGE", "Created": "2020-08-29 14:04:27 UTC"}, {"To": "melanieee0805", "Media Type": "IMAGE", "Created": "2020-08-29 13:15:13 UTC"}, {"To": "melanieee0805", "Media Type": "IMAGE", "Created": "2020-08-29 13:08:08 UTC"}, {"To": "biancax1993", "Media Type": "IMAGE", "Created": "2020-08-29 12:50:33 UTC"}, {"To": "biancax1993", "Media Type": "IMAGE", "Created": "2020-08-29 12:32:44 UTC"}, {"To": "biancax1993", "Media Type": "IMAGE", "Created": "2020-08-29 12:30:51 UTC"}, {"To": "biancax1993", "Media Type": "IMAGE", "Created": "2020-08-29 12:21:10 UTC"}, {"To": "xpatricia", "Media Type": "IMAGE", "Created": "2020-08-29 12:17:14 UTC"}, {"To": "biancax1993", "Media Type": "IMAGE", "Created": "2020-08-29 12:17:14 UTC"}, {"To": "seleeeeeeen", "Media Type": "IMAGE", "Created": "2020-08-29 12:17:14 UTC"}, {"To": "leroygae", "Media Type": "IMAGE", "Created": "2020-08-29 12:17:14 UTC"}, {"To": "melanieee0805", "Media Type": "IMAGE", "Created": "2020-08-29 12:17:14 UTC"}, {"To": "antonia_moraes", "Media Type": "IMAGE", "Created": "2020-08-29 12:17:14 UTC"}, {"To": "melanieee0805", "Media Type": "IMAGE", "Created": "2020-08-29 11:39:42 UTC"}, {"To": "melanieee0805", "Media Type": "IMAGE", "Created": "2020-08-29 11:30:41 UTC"}, {"To": "melanieee0805", "Media Type": "VIDEO", "Created": "2020-08-28 09:48:48 UTC"}, {"To": "melanieee0805", "Media Type": "IMAGE", "Created": "2020-08-28 08:14:33 UTC"}, {"To": "arnauddpv", "Media Type": "IMAGE", "Created": "2020-08-28 06:34:55 UTC"}, {"To": "melanieee0805", "Media Type": "IMAGE", "Created": "2020-08-28 06:34:55 UTC"}, {"To": "elisakoekkoek", "Media Type": "IMAGE", "Created": "2020-08-28 06:34:55 UTC"}, {"To": "leroygae", "Media Type": "IMAGE", "Created": "2020-08-28 06:34:55 UTC"}, {"To": "melanieee0805", "Media Type": "IMAGE", "Created": "2020-08-27 17:56:44 UTC"}, {"To": "elisakoekkoek", "Media Type": "IMAGE", "Created": "2020-08-27 17:56:44 UTC"}, {"To": "leroygae", "Media Type": "IMAGE", "Created": "2020-08-27 17:56:44 UTC"}, {"To": "arnauddpv", "Media Type": "IMAGE", "Created": "2020-08-27 17:56:44 UTC"}, {"To": "melanieee0805", "Media Type": "IMAGE", "Created": "2020-08-27 16:51:04 UTC"}, {"To": "melanieee0805", "Media Type": "IMAGE", "Created": "2020-08-27 13:14:32 UTC"}, {"To": "melanieee0805", "Media Type": "IMAGE", "Created": "2020-08-27 06:04:11 UTC"}, {"To": "michieltijl", "Media Type": "IMAGE", "Created": "2020-08-15 19:57:51 UTC"}, {"To": "koenharmelink", "Media Type": "IMAGE", "Created": "2020-08-15 18:05:55 UTC"}, {"To": "melanieee0805", "Media Type": "IMAGE", "Created": "2020-08-15 18:05:55 UTC"}, {"To": "wietsvdm", "Media Type": "IMAGE", "Created": "2020-08-15 18:05:55 UTC"}, {"To": "rregterschot23", "Media Type": "IMAGE", "Created": "2020-08-15 18:05:55 UTC"}, {"To": "davevanbreen", "Media Type": "IMAGE", "Created": "2020-08-15 18:05:55 UTC"}, {"To": "bb01k", "Media Type": "IMAGE", "Created": "2020-08-15 18:05:55 UTC"}, {"To": "marinkomelanie", "Media Type": "IMAGE", "Created": "2020-08-15 18:05:55 UTC"}, {"To": "elisakoekkoek", "Media Type": "IMAGE", "Created": "2020-08-15 18:05:55 UTC"}, {"To": "dg_sven", "Media Type": "IMAGE", "Created": "2020-08-15 18:05:55 UTC"}, {"To": "snapperhd", "Media Type": "IMAGE", "Created": "2020-08-11 21:31:17 UTC"}, {"To": "wietsvdm", "Media Type": "IMAGE", "Created": "2020-08-11 21:31:17 UTC"}, {"To": "marinkomelanie", "Media Type": "IMAGE", "Created": "2020-08-11 21:31:17 UTC"}, {"To": "xberberx", "Media Type": "IMAGE", "Created": "2020-08-11 21:31:17 UTC"}, {"To": "douwert89", "Media Type": "IMAGE", "Created": "2020-08-11 21:31:17 UTC"}, {"To": "bb01k", "Media Type": "IMAGE", "Created": "2020-08-11 21:31:17 UTC"}, {"To": "arnauddpv", "Media Type": "IMAGE", "Created": "2020-08-11 21:31:17 UTC"}, {"To": "melanieee0805", "Media Type": "IMAGE", "Created": "2020-08-11 02:27:25 UTC"}], "App Story History": []}