{"Your Story Views": [], "Friend and Public Story Views": [{"View": "sjabbens2020", "Media Type": "STORY", "View Date": "2020-09-06 09:51:39 UTC"}, {"View": "sjabbens2020", "Media Type": "", "View Date": "2020-09-06 09:51:39 UTC"}, {"View": "antonia_moraes", "Media Type": "", "View Date": "2020-09-06 09:51:34 UTC"}, {"View": "antonia_moraes", "Media Type": "STORY", "View Date": "2020-09-06 09:51:34 UTC"}, {"View": "mrnrdlmn", "Media Type": "STORY", "View Date": "2020-09-06 00:59:01 UTC"}, {"View": "mrnrdlmn", "Media Type": "", "View Date": "2020-09-06 00:59:01 UTC"}, {"View": "mrnrdlmn", "Media Type": "", "View Date": "2020-09-06 00:59:00 UTC"}, {"View": "mrnrdlmn", "Media Type": "", "View Date": "2020-09-06 00:59:00 UTC"}, {"View": "dg_sven", "Media Type": "STORY", "View Date": "2020-09-05 23:39:16 UTC"}, {"View": "dg_sven", "Media Type": "VIDEO", "View Date": "2020-09-05 23:39:16 UTC"}, {"View": "antonia_moraes", "Media Type": "VIDEO", "View Date": "2020-09-05 23:39:12 UTC"}, {"View": "antonia_moraes", "Media Type": "STORY", "View Date": "2020-09-05 23:39:12 UTC"}, {"View": "antonia_moraes", "Media Type": "", "View Date": "2020-09-05 23:39:12 UTC"}, {"View": "biancax1993", "Media Type": "STORY", "View Date": "2020-09-04 12:58:23 UTC"}, {"View": "biancax1993", "Media Type": "VIDEO", "View Date": "2020-09-04 12:58:23 UTC"}, {"View": "biancax1993", "Media Type": "VIDEO", "View Date": "2020-09-04 12:58:22 UTC"}, {"View": "biancax1993", "Media Type": "STORY", "View Date": "2020-09-02 10:53:51 UTC"}, {"View": "biancax1993", "Media Type": "VIDEO", "View Date": "2020-09-02 10:53:51 UTC"}, {"View": "melanieee0805", "Media Type": "STORY", "View Date": "2020-09-01 17:06:37 UTC"}, {"View": "melanieee0805", "Media Type": "VIDEO", "View Date": "2020-09-01 17:06:37 UTC"}, {"View": "melanieee0805", "Media Type": "STORY", "View Date": "2020-09-01 16:56:50 UTC"}, {"View": "melanieee0805", "Media Type": "VIDEO", "View Date": "2020-09-01 16:56:50 UTC"}, {"View": "melanieee0805", "Media Type": "VIDEO", "View Date": "2020-09-01 16:56:48 UTC"}, {"View": "melanieee0805", "Media Type": "VIDEO", "View Date": "2020-09-01 16:56:38 UTC"}, {"View": "melanieee0805", "Media Type": "VIDEO", "View Date": "2020-09-01 16:56:21 UTC"}, {"View": "melanieee0805", "Media Type": "STORY", "View Date": "2020-09-01 16:56:17 UTC"}, {"View": "melanieee0805", "Media Type": "VIDEO", "View Date": "2020-09-01 16:56:17 UTC"}, {"View": "melanieee0805", "Media Type": "VIDEO", "View Date": "2020-09-01 16:56:14 UTC"}, {"View": "melanieee0805", "Media Type": "VIDEO", "View Date": "2020-09-01 16:56:13 UTC"}, {"View": "melanieee0805", "Media Type": "VIDEO", "View Date": "2020-09-01 16:55:46 UTC"}, {"View": "melanieee0805", "Media Type": "VIDEO", "View Date": "2020-09-01 16:55:45 UTC"}, {"View": "ernahuskoo", "Media Type": "STORY", "View Date": "2020-09-01 10:48:34 UTC"}, {"View": "ernahuskoo", "Media Type": "", "View Date": "2020-09-01 10:48:34 UTC"}, {"View": "ernahuskoo", "Media Type": "", "View Date": "2020-09-01 10:48:20 UTC"}, {"View": "ernahuskoo", "Media Type": "VIDEO", "View Date": "2020-09-01 10:48:19 UTC"}, {"View": "ernahuskoo", "Media Type": "VIDEO", "View Date": "2020-09-01 10:48:17 UTC"}, {"View": "ernahuskoo", "Media Type": "VIDEO", "View Date": "2020-09-01 10:48:17 UTC"}, {"View": "ernahuskoo", "Media Type": "", "View Date": "2020-09-01 10:48:16 UTC"}, {"View": "ernahuskoo", "Media Type": "VIDEO", "View Date": "2020-09-01 10:48:16 UTC"}, {"View": "ernahuskoo", "Media Type": "VIDEO", "View Date": "2020-09-01 10:48:15 UTC"}, {"View": "ernahuskoo", "Media Type": "", "View Date": "2020-09-01 10:48:11 UTC"}, {"View": "ernahuskoo", "Media Type": "VIDEO", "View Date": "2020-09-01 10:47:40 UTC"}, {"View": "ernahuskoo", "Media Type": "VIDEO", "View Date": "2020-09-01 10:47:40 UTC"}, {"View": "ernahuskoo", "Media Type": "VIDEO", "View Date": "2020-09-01 10:47:39 UTC"}, {"View": "ernahuskoo", "Media Type": "VIDEO", "View Date": "2020-09-01 10:47:37 UTC"}, {"View": "antonia_moraes", "Media Type": "STORY", "View Date": "2020-08-31 18:55:46 UTC"}, {"View": "antonia_moraes", "Media Type": "VIDEO", "View Date": "2020-08-31 18:55:46 UTC"}, {"View": "antonia_moraes", "Media Type": "", "View Date": "2020-08-31 18:55:44 UTC"}, {"View": "lkoekkoek123", "Media Type": "STORY", "View Date": "2020-08-30 23:41:23 UTC"}, {"View": "lkoekkoek123", "Media Type": "", "View Date": "2020-08-30 23:41:23 UTC"}, {"View": "lkoekkoek123", "Media Type": "", "View Date": "2020-08-30 23:41:22 UTC"}, {"View": "lkoekkoek123", "Media Type": "", "View Date": "2020-08-30 23:41:22 UTC"}, {"View": "lkoekkoek123", "Media Type": "", "View Date": "2020-08-30 23:41:17 UTC"}, {"View": "lkoekkoek123", "Media Type": "", "View Date": "2020-08-30 23:41:16 UTC"}, {"View": "melanieee0805", "Media Type": "STORY", "View Date": "2020-08-30 20:37:54 UTC"}, {"View": "melanieee0805", "Media Type": "", "View Date": "2020-08-30 20:37:54 UTC"}, {"View": "melanieee0805", "Media Type": "STORY", "View Date": "2020-08-30 19:48:25 UTC"}, {"View": "melanieee0805", "Media Type": "VIDEO", "View Date": "2020-08-30 19:48:25 UTC"}, {"View": "melanieee0805", "Media Type": "STORY", "View Date": "2020-08-30 19:45:26 UTC"}, {"View": "melanieee0805", "Media Type": "VIDEO", "View Date": "2020-08-30 19:45:26 UTC"}, {"View": "lkoekkoek123", "Media Type": "STORY", "View Date": "2020-08-30 19:44:52 UTC"}, {"View": "lkoekkoek123", "Media Type": "", "View Date": "2020-08-30 19:44:52 UTC"}, {"View": "lkoekkoek123", "Media Type": "", "View Date": "2020-08-30 19:44:51 UTC"}, {"View": "lkoekkoek123", "Media Type": "", "View Date": "2020-08-30 19:44:50 UTC"}, {"View": "lkoekkoek123", "Media Type": "", "View Date": "2020-08-30 19:44:49 UTC"}, {"View": "lkoekkoek123", "Media Type": "", "View Date": "2020-08-30 19:44:42 UTC"}, {"View": "bb01k", "Media Type": "", "View Date": "2020-08-30 19:00:25 UTC"}, {"View": "bb01k", "Media Type": "STORY", "View Date": "2020-08-30 18:54:03 UTC"}, {"View": "bb01k", "Media Type": "", "View Date": "2020-08-30 18:54:00 UTC"}, {"View": "antonia_moraes", "Media Type": "STORY", "View Date": "2020-08-30 18:53:59 UTC"}, {"View": "antonia_moraes", "Media Type": "", "View Date": "2020-08-30 18:53:59 UTC"}, {"View": "mrnrdlmn", "Media Type": "VIDEO", "View Date": "2020-08-30 18:53:55 UTC"}, {"View": "mrnrdlmn", "Media Type": "STORY", "View Date": "2020-08-30 18:53:55 UTC"}, {"View": "mrnrdlmn", "Media Type": "VIDEO", "View Date": "2020-08-30 18:53:54 UTC"}, {"View": "mrnrdlmn", "Media Type": "", "View Date": "2020-08-30 18:53:51 UTC"}, {"View": "melanieee0805", "Media Type": "VIDEO", "View Date": "2020-08-30 18:51:43 UTC"}, {"View": "melanieee0805", "Media Type": "STORY", "View Date": "2020-08-30 18:43:56 UTC"}, {"View": "melanieee0805", "Media Type": "VIDEO", "View Date": "2020-08-30 18:36:20 UTC"}, {"View": "melanieee0805", "Media Type": "VIDEO", "View Date": "2020-08-30 17:50:55 UTC"}, {"View": "melanieee0805", "Media Type": "STORY", "View Date": "2020-08-30 17:46:19 UTC"}, {"View": "melanieee0805", "Media Type": "VIDEO", "View Date": "2020-08-30 17:44:40 UTC"}, {"View": "melanieee0805", "Media Type": "STORY", "View Date": "2020-08-30 17:44:03 UTC"}, {"View": "melanieee0805", "Media Type": "VIDEO", "View Date": "2020-08-30 17:44:03 UTC"}, {"View": "antonia_moraes", "Media Type": "", "View Date": "2020-08-30 16:51:10 UTC"}, {"View": "dg_sven", "Media Type": "STORY", "View Date": "2020-08-30 16:51:05 UTC"}, {"View": "dg_sven", "Media Type": "", "View Date": "2020-08-30 16:51:05 UTC"}, {"View": "dg_sven", "Media Type": "", "View Date": "2020-08-30 16:51:03 UTC"}, {"View": "lkoekkoek123", "Media Type": "STORY", "View Date": "2020-08-30 16:20:34 UTC"}, {"View": "lkoekkoek123", "Media Type": "", "View Date": "2020-08-30 16:20:34 UTC"}, {"View": "ernahuskoo", "Media Type": "STORY", "View Date": "2020-08-30 15:52:04 UTC"}, {"View": "ernahuskoo", "Media Type": "VIDEO", "View Date": "2020-08-30 15:52:04 UTC"}, {"View": "armo_snap", "Media Type": "STORY", "View Date": "2020-08-30 15:15:43 UTC"}, {"View": "armo_snap", "Media Type": "VIDEO", "View Date": "2020-08-30 15:15:43 UTC"}, {"View": "mrnrdlmn", "Media Type": "STORY", "View Date": "2020-08-30 14:17:14 UTC"}, {"View": "mrnrdlmn", "Media Type": "", "View Date": "2020-08-30 14:17:14 UTC"}, {"View": "addison_e", "Media Type": "STORY", "View Date": "2020-08-30 14:17:03 UTC"}, {"View": "addison_e", "Media Type": "", "View Date": "2020-08-30 14:17:03 UTC"}, {"View": "dfluonia", "Media Type": "STORY", "View Date": "2020-08-30 13:57:47 UTC"}, {"View": "dfluonia", "Media Type": "", "View Date": "2020-08-30 13:57:47 UTC"}, {"View": "sjabbens2020", "Media Type": "STORY", "View Date": "2020-08-30 13:57:46 UTC"}, {"View": "sjabbens2020", "Media Type": "", "View Date": "2020-08-30 13:57:46 UTC"}, {"View": "antonia_moraes", "Media Type": "STORY", "View Date": "2020-08-30 13:57:43 UTC"}, {"View": "antonia_moraes", "Media Type": "", "View Date": "2020-08-30 13:57:43 UTC"}, {"View": "syp.dejong", "Media Type": "STORY", "View Date": "2020-08-30 13:24:47 UTC"}, {"View": "syp.dejong", "Media Type": "VIDEO", "View Date": "2020-08-30 13:24:47 UTC"}, {"View": "syp.dejong", "Media Type": "VIDEO", "View Date": "2020-08-30 13:24:40 UTC"}, {"View": "syp.dejong", "Media Type": "VIDEO", "View Date": "2020-08-30 13:24:36 UTC"}, {"View": "lkoekkoek123", "Media Type": "STORY", "View Date": "2020-08-30 12:53:55 UTC"}, {"View": "lkoekkoek123", "Media Type": "", "View Date": "2020-08-30 12:53:55 UTC"}, {"View": "lkoekkoek123", "Media Type": "", "View Date": "2020-08-30 12:53:53 UTC"}, {"View": "snapperhd", "Media Type": "STORY", "View Date": "2020-08-30 11:22:17 UTC"}, {"View": "snapperhd", "Media Type": "", "View Date": "2020-08-30 11:22:17 UTC"}, {"View": "bb01k", "Media Type": "VIDEO", "View Date": "2020-08-30 11:22:16 UTC"}, {"View": "bb01k", "Media Type": "STORY", "View Date": "2020-08-30 11:22:16 UTC"}, {"View": "kusjeannelie", "Media Type": "STORY", "View Date": "2020-08-30 11:22:12 UTC"}, {"View": "kusjeannelie", "Media Type": "", "View Date": "2020-08-30 11:22:12 UTC"}, {"View": "addison_e", "Media Type": "STORY", "View Date": "2020-08-30 03:26:53 UTC"}, {"View": "addison_e", "Media Type": "", "View Date": "2020-08-30 03:26:53 UTC"}, {"View": "addison_e", "Media Type": "", "View Date": "2020-08-30 03:26:52 UTC"}, {"View": "addison_e", "Media Type": "", "View Date": "2020-08-30 03:26:52 UTC"}, {"View": "addison_e", "Media Type": "", "View Date": "2020-08-30 03:26:52 UTC"}, {"View": "addison_e", "Media Type": "", "View Date": "2020-08-30 03:26:51 UTC"}, {"View": "addison_e", "Media Type": "STORY", "View Date": "2020-08-30 02:18:33 UTC"}, {"View": "addison_e", "Media Type": "", "View Date": "2020-08-30 02:18:33 UTC"}, {"View": "bb01k", "Media Type": "STORY", "View Date": "2020-08-30 01:23:26 UTC"}, {"View": "bb01k", "Media Type": "VIDEO", "View Date": "2020-08-30 01:23:26 UTC"}, {"View": "bb01k", "Media Type": "VIDEO", "View Date": "2020-08-30 01:23:22 UTC"}, {"View": "loren", "Media Type": "STORY", "View Date": "2020-08-30 01:19:21 UTC"}, {"View": "loren", "Media Type": "VIDEO", "View Date": "2020-08-30 01:19:21 UTC"}, {"View": "lkoekkoek123", "Media Type": "STORY", "View Date": "2020-08-30 00:53:20 UTC"}, {"View": "lkoekkoek123", "Media Type": "", "View Date": "2020-08-30 00:53:20 UTC"}, {"View": "lkoekkoek123", "Media Type": "STORY", "View Date": "2020-08-29 23:53:58 UTC"}, {"View": "lkoekkoek123", "Media Type": "", "View Date": "2020-08-29 23:53:58 UTC"}, {"View": "lkoekkoek123", "Media Type": "STORY", "View Date": "2020-08-29 23:53:52 UTC"}, {"View": "lkoekkoek123", "Media Type": "", "View Date": "2020-08-29 23:53:52 UTC"}, {"View": "mrnrdlmn", "Media Type": "STORY", "View Date": "2020-08-29 23:36:39 UTC"}, {"View": "mrnrdlmn", "Media Type": "", "View Date": "2020-08-29 23:36:39 UTC"}, {"View": "mrnrdlmn", "Media Type": "", "View Date": "2020-08-29 23:36:38 UTC"}, {"View": "mrnrdlmn", "Media Type": "", "View Date": "2020-08-29 23:36:38 UTC"}, {"View": "de-rooie", "Media Type": "VIDEO", "View Date": "2020-08-29 20:35:48 UTC"}, {"View": "de-rooie", "Media Type": "VIDEO", "View Date": "2020-08-29 20:35:47 UTC"}, {"View": "de-rooie", "Media Type": "STORY", "View Date": "2020-08-29 20:35:47 UTC"}, {"View": "dg_sven", "Media Type": "STORY", "View Date": "2020-08-29 20:35:44 UTC"}, {"View": "dg_sven", "Media Type": "", "View Date": "2020-08-29 20:35:44 UTC"}, {"View": "downiemooibooy", "Media Type": "STORY", "View Date": "2020-08-29 20:35:42 UTC"}, {"View": "downiemooibooy", "Media Type": "VIDEO", "View Date": "2020-08-29 20:35:42 UTC"}, {"View": "downiemooibooy", "Media Type": "VIDEO", "View Date": "2020-08-29 20:35:41 UTC"}, {"View": "mella_bl", "Media Type": "STORY", "View Date": "2020-08-29 20:24:59 UTC"}, {"View": "mella_bl", "Media Type": "", "View Date": "2020-08-29 20:24:59 UTC"}, {"View": "mella_bl", "Media Type": "", "View Date": "2020-08-29 20:24:58 UTC"}, {"View": "mella_bl", "Media Type": "", "View Date": "2020-08-29 20:24:57 UTC"}, {"View": "mella_bl", "Media Type": "VIDEO", "View Date": "2020-08-29 20:24:56 UTC"}, {"View": "mella_bl", "Media Type": "VIDEO", "View Date": "2020-08-29 20:24:56 UTC"}, {"View": "mella_bl", "Media Type": "VIDEO", "View Date": "2020-08-29 20:24:55 UTC"}, {"View": "mella_bl", "Media Type": "VIDEO", "View Date": "2020-08-29 20:24:55 UTC"}, {"View": "mella_bl", "Media Type": "VIDEO", "View Date": "2020-08-29 20:24:54 UTC"}, {"View": "mella_bl", "Media Type": "VIDEO", "View Date": "2020-08-29 20:24:53 UTC"}, {"View": "mella_bl", "Media Type": "VIDEO", "View Date": "2020-08-29 20:24:48 UTC"}, {"View": "mella_bl", "Media Type": "VIDEO", "View Date": "2020-08-29 20:24:46 UTC"}, {"View": "mella_bl", "Media Type": "VIDEO", "View Date": "2020-08-29 20:24:46 UTC"}, {"View": "priceless_sfb", "Media Type": "STORY", "View Date": "2020-08-29 20:24:44 UTC"}, {"View": "priceless_sfb", "Media Type": "VIDEO", "View Date": "2020-08-29 20:24:44 UTC"}, {"View": "priceless_sfb", "Media Type": "VIDEO", "View Date": "2020-08-29 20:24:43 UTC"}, {"View": "priceless_sfb", "Media Type": "VIDEO", "View Date": "2020-08-29 20:24:43 UTC"}, {"View": "priceless_sfb", "Media Type": "VIDEO", "View Date": "2020-08-29 20:24:42 UTC"}, {"View": "priceless_sfb", "Media Type": "VIDEO", "View Date": "2020-08-29 20:24:42 UTC"}, {"View": "priceless_sfb", "Media Type": "", "View Date": "2020-08-29 20:24:41 UTC"}, {"View": "touzani7", "Media Type": "STORY", "View Date": "2020-08-29 20:24:37 UTC"}, {"View": "touzani7", "Media Type": "VIDEO", "View Date": "2020-08-29 20:24:37 UTC"}, {"View": "joeybravotv", "Media Type": "STORY", "View Date": "2020-08-29 20:24:36 UTC"}, {"View": "joeybravotv", "Media Type": "VIDEO", "View Date": "2020-08-29 20:24:36 UTC"}, {"View": "touzani7", "Media Type": "STORY", "View Date": "2020-08-29 20:24:33 UTC"}, {"View": "touzani7", "Media Type": "VIDEO", "View Date": "2020-08-29 20:24:33 UTC"}, {"View": "joeybravotv", "Media Type": "STORY", "View Date": "2020-08-29 20:24:32 UTC"}, {"View": "joeybravotv", "Media Type": "VIDEO", "View Date": "2020-08-29 20:24:32 UTC"}, {"View": "mobicepp", "Media Type": "STORY", "View Date": "2020-08-29 20:24:25 UTC"}, {"View": "mobicepp", "Media Type": "VIDEO", "View Date": "2020-08-29 20:24:25 UTC"}, {"View": "armo_snap", "Media Type": "STORY", "View Date": "2020-08-29 20:23:35 UTC"}, {"View": "armo_snap", "Media Type": "VIDEO", "View Date": "2020-08-29 20:23:35 UTC"}, {"View": "ernahuskoo", "Media Type": "STORY", "View Date": "2020-08-29 20:23:25 UTC"}, {"View": "ernahuskoo", "Media Type": "VIDEO", "View Date": "2020-08-29 20:23:25 UTC"}, {"View": "mrnrdlmn", "Media Type": "STORY", "View Date": "2020-08-29 18:30:38 UTC"}, {"View": "mrnrdlmn", "Media Type": "", "View Date": "2020-08-29 18:30:38 UTC"}, {"View": "ernahuskoo", "Media Type": "STORY", "View Date": "2020-08-29 18:30:36 UTC"}, {"View": "ernahuskoo", "Media Type": "VIDEO", "View Date": "2020-08-29 18:30:36 UTC"}, {"View": "mrnrdlmn", "Media Type": "STORY", "View Date": "2020-08-29 18:30:12 UTC"}, {"View": "mrnrdlmn", "Media Type": "", "View Date": "2020-08-29 18:30:12 UTC"}, {"View": "mrnrdlmn", "Media Type": "", "View Date": "2020-08-29 18:30:06 UTC"}, {"View": "ernahuskoo", "Media Type": "STORY", "View Date": "2020-08-29 17:49:44 UTC"}, {"View": "ernahuskoo", "Media Type": "VIDEO", "View Date": "2020-08-29 17:49:44 UTC"}, {"View": "mrnrdlmn", "Media Type": "STORY", "View Date": "2020-08-29 17:49:19 UTC"}, {"View": "mrnrdlmn", "Media Type": "", "View Date": "2020-08-29 17:49:19 UTC"}, {"View": "armo_snap", "Media Type": "STORY", "View Date": "2020-08-29 17:47:39 UTC"}, {"View": "armo_snap", "Media Type": "", "View Date": "2020-08-29 17:47:39 UTC"}, {"View": "ernahuskoo", "Media Type": "STORY", "View Date": "2020-08-29 13:24:17 UTC"}, {"View": "ernahuskoo", "Media Type": "", "View Date": "2020-08-29 13:24:17 UTC"}, {"View": "armo_snap", "Media Type": "STORY", "View Date": "2020-08-29 13:24:14 UTC"}, {"View": "armo_snap", "Media Type": "", "View Date": "2020-08-29 13:24:14 UTC"}, {"View": "de-rooie", "Media Type": "STORY", "View Date": "2020-08-29 13:24:08 UTC"}, {"View": "de-rooie", "Media Type": "", "View Date": "2020-08-29 13:24:08 UTC"}, {"View": "mrnrdlmn", "Media Type": "STORY", "View Date": "2020-08-29 13:24:05 UTC"}, {"View": "mrnrdlmn", "Media Type": "", "View Date": "2020-08-29 13:24:05 UTC"}, {"View": "mrnrdlmn", "Media Type": "STORY", "View Date": "2020-08-29 12:47:43 UTC"}, {"View": "mrnrdlmn", "Media Type": "", "View Date": "2020-08-29 12:47:43 UTC"}, {"View": "mrnrdlmn", "Media Type": "", "View Date": "2020-08-29 12:47:42 UTC"}, {"View": "jellegroen39", "Media Type": "STORY", "View Date": "2020-08-29 12:47:39 UTC"}, {"View": "jellegroen39", "Media Type": "VIDEO", "View Date": "2020-08-29 12:47:39 UTC"}, {"View": "jellegroen39", "Media Type": "VIDEO", "View Date": "2020-08-29 12:47:38 UTC"}, {"View": "antonia_moraes", "Media Type": "STORY", "View Date": "2020-08-29 12:47:34 UTC"}, {"View": "antonia_moraes", "Media Type": "", "View Date": "2020-08-29 12:47:34 UTC"}, {"View": "antonia_moraes", "Media Type": "VIDEO", "View Date": "2020-08-29 12:47:33 UTC"}, {"View": "antonia_moraes", "Media Type": "VIDEO", "View Date": "2020-08-29 12:41:03 UTC"}, {"View": "antonia_moraes", "Media Type": "STORY", "View Date": "2020-08-29 12:41:03 UTC"}, {"View": "melanieee0805", "Media Type": "STORY", "View Date": "2020-08-29 12:37:09 UTC"}, {"View": "melanieee0805", "Media Type": "", "View Date": "2020-08-29 12:37:09 UTC"}, {"View": "melanieee0805", "Media Type": "", "View Date": "2020-08-29 12:37:08 UTC"}, {"View": "melanieee0805", "Media Type": "", "View Date": "2020-08-29 12:37:08 UTC"}, {"View": "melanieee0805", "Media Type": "", "View Date": "2020-08-29 12:37:07 UTC"}, {"View": "antonia_moraes", "Media Type": "STORY", "View Date": "2020-08-29 12:36:32 UTC"}, {"View": "antonia_moraes", "Media Type": "", "View Date": "2020-08-29 12:36:32 UTC"}, {"View": "antonia_moraes", "Media Type": "VIDEO", "View Date": "2020-08-29 12:36:30 UTC"}, {"View": "antonia_moraes", "Media Type": "STORY", "View Date": "2020-08-29 12:36:28 UTC"}, {"View": "antonia_moraes", "Media Type": "", "View Date": "2020-08-29 12:36:28 UTC"}, {"View": "mrnrdlmn", "Media Type": "STORY", "View Date": "2020-08-29 12:36:23 UTC"}, {"View": "mrnrdlmn", "Media Type": "", "View Date": "2020-08-29 12:36:23 UTC"}, {"View": "mrnrdlmn", "Media Type": "", "View Date": "2020-08-29 12:36:22 UTC"}, {"View": "mrnrdlmn", "Media Type": "STORY", "View Date": "2020-08-29 12:31:14 UTC"}, {"View": "mrnrdlmn", "Media Type": "", "View Date": "2020-08-29 12:31:14 UTC"}, {"View": "melanieee0805", "Media Type": "STORY", "View Date": "2020-08-29 12:15:33 UTC"}, {"View": "melanieee0805", "Media Type": "", "View Date": "2020-08-29 12:15:33 UTC"}, {"View": "melanieee0805", "Media Type": "", "View Date": "2020-08-29 12:15:31 UTC"}, {"View": "melanieee0805", "Media Type": "", "View Date": "2020-08-29 12:15:31 UTC"}, {"View": "melanieee0805", "Media Type": "", "View Date": "2020-08-29 12:15:30 UTC"}, {"View": "antonia_moraes", "Media Type": "VIDEO", "View Date": "2020-08-29 11:53:04 UTC"}, {"View": "antonia_moraes", "Media Type": "STORY", "View Date": "2020-08-29 11:53:03 UTC"}, {"View": "antonia_moraes", "Media Type": "STORY", "View Date": "2020-08-29 11:53:00 UTC"}, {"View": "antonia_moraes", "Media Type": "VIDEO", "View Date": "2020-08-29 11:53:00 UTC"}, {"View": "abbyrao", "Media Type": "STORY", "View Date": "2020-08-29 11:33:32 UTC"}, {"View": "abbyrao", "Media Type": "VIDEO", "View Date": "2020-08-29 11:33:32 UTC"}, {"View": "abbyrao", "Media Type": "VIDEO", "View Date": "2020-08-29 11:33:31 UTC"}, {"View": "abbyrao", "Media Type": "VIDEO", "View Date": "2020-08-29 11:33:30 UTC"}, {"View": "dfluonia", "Media Type": "STORY", "View Date": "2020-08-29 06:38:26 UTC"}, {"View": "dfluonia", "Media Type": "", "View Date": "2020-08-29 06:38:26 UTC"}, {"View": "dg_sven", "Media Type": "STORY", "View Date": "2020-08-29 06:38:22 UTC"}, {"View": "dg_sven", "Media Type": "", "View Date": "2020-08-29 06:38:22 UTC"}, {"View": "dg_sven", "Media Type": "VIDEO", "View Date": "2020-08-29 06:38:21 UTC"}, {"View": "mrnrdlmn", "Media Type": "STORY", "View Date": "2020-08-29 06:37:18 UTC"}, {"View": "mrnrdlmn", "Media Type": "", "View Date": "2020-08-29 06:37:18 UTC"}, {"View": "dfluonia", "Media Type": "STORY", "View Date": "2020-08-29 06:37:13 UTC"}, {"View": "dfluonia", "Media Type": "", "View Date": "2020-08-29 06:37:13 UTC"}, {"View": "dg_sven", "Media Type": "STORY", "View Date": "2020-08-29 06:37:10 UTC"}, {"View": "dg_sven", "Media Type": "", "View Date": "2020-08-29 06:37:10 UTC"}, {"View": "bb01k", "Media Type": "STORY", "View Date": "2020-08-29 06:37:07 UTC"}, {"View": "bb01k", "Media Type": "", "View Date": "2020-08-29 06:37:07 UTC"}, {"View": "bb01k", "Media Type": "VIDEO", "View Date": "2020-08-29 06:37:06 UTC"}, {"View": "melanieee0805", "Media Type": "STORY", "View Date": "2020-08-29 06:37:03 UTC"}, {"View": "melanieee0805", "Media Type": "", "View Date": "2020-08-29 06:37:03 UTC"}, {"View": "melanieee0805", "Media Type": "", "View Date": "2020-08-29 06:37:02 UTC"}, {"View": "melanieee0805", "Media Type": "", "View Date": "2020-08-29 06:37:01 UTC"}, {"View": "g.kwi", "Media Type": "STORY", "View Date": "2020-08-29 06:30:18 UTC"}, {"View": "g.kwi", "Media Type": "VIDEO", "View Date": "2020-08-29 06:30:18 UTC"}, {"View": "g.kwi", "Media Type": "VIDEO", "View Date": "2020-08-29 06:30:17 UTC"}, {"View": "g.kwi", "Media Type": "", "View Date": "2020-08-29 06:30:16 UTC"}, {"View": "g.kwi", "Media Type": "", "View Date": "2020-08-29 06:30:16 UTC"}, {"View": "bb01k", "Media Type": "VIDEO", "View Date": "2020-08-29 06:16:19 UTC"}, {"View": "leroygae", "Media Type": "STORY", "View Date": "2020-08-29 06:16:17 UTC"}, {"View": "leroygae", "Media Type": "", "View Date": "2020-08-29 06:16:17 UTC"}, {"View": "mrnrdlmn", "Media Type": "STORY", "View Date": "2020-08-29 06:16:14 UTC"}, {"View": "mrnrdlmn", "Media Type": "", "View Date": "2020-08-29 06:16:14 UTC"}, {"View": "melanieee0805", "Media Type": "STORY", "View Date": "2020-08-29 06:01:06 UTC"}, {"View": "melanieee0805", "Media Type": "", "View Date": "2020-08-29 06:01:06 UTC"}, {"View": "melanieee0805", "Media Type": "", "View Date": "2020-08-29 06:00:58 UTC"}, {"View": "melanieee0805", "Media Type": "STORY", "View Date": "2020-08-29 05:54:57 UTC"}, {"View": "melanieee0805", "Media Type": "", "View Date": "2020-08-29 05:54:53 UTC"}, {"View": "sliimi.biitsh2", "Media Type": "STORY", "View Date": "2020-08-29 02:45:49 UTC"}, {"View": "sliimi.biitsh2", "Media Type": "VIDEO", "View Date": "2020-08-29 02:45:49 UTC"}, {"View": "sliimi.biitsh2", "Media Type": "VIDEO", "View Date": "2020-08-29 02:45:48 UTC"}, {"View": "sliimi.biitsh2", "Media Type": "VIDEO", "View Date": "2020-08-29 02:45:48 UTC"}, {"View": "sliimi.biitsh2", "Media Type": "VIDEO", "View Date": "2020-08-29 02:45:47 UTC"}, {"View": "jul135city", "Media Type": "STORY", "View Date": "2020-08-29 02:41:34 UTC"}, {"View": "jul135city", "Media Type": "VIDEO", "View Date": "2020-08-29 02:41:34 UTC"}, {"View": "newstarter4", "Media Type": "VIDEO", "View Date": "2020-08-29 02:41:00 UTC"}, {"View": "newstarter4", "Media Type": "STORY", "View Date": "2020-08-29 02:41:00 UTC"}, {"View": "newstarter4", "Media Type": "VIDEO", "View Date": "2020-08-29 02:41:00 UTC"}, {"View": "newstarter4", "Media Type": "VIDEO", "View Date": "2020-08-29 02:40:59 UTC"}, {"View": "shogunnette", "Media Type": "STORY", "View Date": "2020-08-29 02:40:55 UTC"}, {"View": "shogunnette", "Media Type": "VIDEO", "View Date": "2020-08-29 02:40:55 UTC"}, {"View": "shogunnette", "Media Type": "VIDEO", "View Date": "2020-08-29 02:40:52 UTC"}, {"View": "shogunnette", "Media Type": "VIDEO", "View Date": "2020-08-29 02:40:51 UTC"}, {"View": "shogunnette", "Media Type": "VIDEO", "View Date": "2020-08-29 02:40:50 UTC"}, {"View": "shogunnette", "Media Type": "VIDEO", "View Date": "2020-08-29 02:40:49 UTC"}, {"View": "shogunnette", "Media Type": "VIDEO", "View Date": "2020-08-29 02:40:49 UTC"}, {"View": "shogunnette", "Media Type": "", "View Date": "2020-08-29 02:40:48 UTC"}, {"View": "shogunnette", "Media Type": "", "View Date": "2020-08-29 02:40:47 UTC"}, {"View": "kimzbiermann", "Media Type": "STORY", "View Date": "2020-08-29 02:40:40 UTC"}, {"View": "kimzbiermann", "Media Type": "VIDEO", "View Date": "2020-08-29 02:40:40 UTC"}, {"View": "kimzbiermann", "Media Type": "VIDEO", "View Date": "2020-08-29 02:40:39 UTC"}, {"View": "kimzbiermann", "Media Type": "VIDEO", "View Date": "2020-08-29 02:40:39 UTC"}, {"View": "kimzbiermann", "Media Type": "VIDEO", "View Date": "2020-08-29 02:40:38 UTC"}, {"View": "neha.malik335", "Media Type": "STORY", "View Date": "2020-08-29 02:39:49 UTC"}, {"View": "neha.malik335", "Media Type": "VIDEO", "View Date": "2020-08-29 02:39:49 UTC"}, {"View": "neha.malik335", "Media Type": "VIDEO", "View Date": "2020-08-29 02:39:48 UTC"}, {"View": "olivia_ponton12", "Media Type": "", "View Date": "2020-08-29 02:37:54 UTC"}, {"View": "olivia_ponton12", "Media Type": "VIDEO", "View Date": "2020-08-29 02:37:54 UTC"}, {"View": "olivia_ponton12", "Media Type": "STORY", "View Date": "2020-08-29 02:37:54 UTC"}, {"View": "olivia_ponton12", "Media Type": "VIDEO", "View Date": "2020-08-29 02:37:54 UTC"}, {"View": "olivia_ponton12", "Media Type": "VIDEO", "View Date": "2020-08-29 02:37:53 UTC"}, {"View": "olivia_ponton12", "Media Type": "", "View Date": "2020-08-29 02:37:53 UTC"}, {"View": "olivia_ponton12", "Media Type": "", "View Date": "2020-08-29 02:37:52 UTC"}, {"View": "melanieee0805", "Media Type": "STORY", "View Date": "2020-08-29 02:19:40 UTC"}, {"View": "melanieee0805", "Media Type": "", "View Date": "2020-08-29 02:19:40 UTC"}, {"View": "melanieee0805", "Media Type": "", "View Date": "2020-08-29 02:19:38 UTC"}, {"View": "melanieee0805", "Media Type": "STORY", "View Date": "2020-08-29 01:50:09 UTC"}, {"View": "melanieee0805", "Media Type": "", "View Date": "2020-08-29 01:50:07 UTC"}, {"View": "melanieee0805", "Media Type": "STORY", "View Date": "2020-08-28 11:03:29 UTC"}, {"View": "melanieee0805", "Media Type": "", "View Date": "2020-08-28 11:03:29 UTC"}, {"View": "melanieee0805", "Media Type": "STORY", "View Date": "2020-08-28 11:03:27 UTC"}, {"View": "melanieee0805", "Media Type": "", "View Date": "2020-08-28 11:03:27 UTC"}, {"View": "bb01k", "Media Type": "STORY", "View Date": "2020-08-22 07:31:21 UTC"}, {"View": "bb01k", "Media Type": "", "View Date": "2020-08-22 07:31:21 UTC"}, {"View": "bb01k", "Media Type": "VIDEO", "View Date": "2020-08-22 07:31:20 UTC"}, {"View": "bb01k", "Media Type": "", "View Date": "2020-08-22 07:31:19 UTC"}, {"View": "bb01k", "Media Type": "", "View Date": "2020-08-22 07:31:14 UTC"}, {"View": "mrnrdlmn", "Media Type": "STORY", "View Date": "2020-08-22 07:31:10 UTC"}, {"View": "mrnrdlmn", "Media Type": "VIDEO", "View Date": "2020-08-22 07:31:10 UTC"}, {"View": "dindipirat1312", "Media Type": "", "View Date": "2020-08-22 07:31:01 UTC"}, {"View": "melanieee0805", "Media Type": "STORY", "View Date": "2020-08-22 07:30:53 UTC"}, {"View": "melanieee0805", "Media Type": "", "View Date": "2020-08-22 07:30:53 UTC"}, {"View": "melanieee0805", "Media Type": "STORY", "View Date": "2020-08-22 07:30:50 UTC"}, {"View": "melanieee0805", "Media Type": "", "View Date": "2020-08-22 07:30:50 UTC"}, {"View": "mrnrdlmn", "Media Type": "STORY", "View Date": "2020-08-22 00:41:09 UTC"}, {"View": "mrnrdlmn", "Media Type": "VIDEO", "View Date": "2020-08-22 00:41:09 UTC"}, {"View": "mrnrdlmn", "Media Type": "VIDEO", "View Date": "2020-08-22 00:41:08 UTC"}, {"View": "mrnrdlmn", "Media Type": "STORY", "View Date": "2020-08-21 23:56:04 UTC"}, {"View": "mrnrdlmn", "Media Type": "VIDEO", "View Date": "2020-08-21 23:56:04 UTC"}, {"View": "mrnrdlmn", "Media Type": "VIDEO", "View Date": "2020-08-21 23:56:03 UTC"}, {"View": "mrnrdlmn", "Media Type": "STORY", "View Date": "2020-08-21 23:55:12 UTC"}, {"View": "mrnrdlmn", "Media Type": "VIDEO", "View Date": "2020-08-21 23:55:12 UTC"}, {"View": "mrnrdlmn", "Media Type": "VIDEO", "View Date": "2020-08-21 23:55:11 UTC"}, {"View": "snapperhd", "Media Type": "STORY", "View Date": "2020-08-16 10:36:21 UTC"}, {"View": "snapperhd", "Media Type": "VIDEO", "View Date": "2020-08-16 10:36:21 UTC"}, {"View": "snapperhd", "Media Type": "VIDEO", "View Date": "2020-08-16 10:36:20 UTC"}, {"View": "snapperhd", "Media Type": "VIDEO", "View Date": "2020-08-16 10:36:19 UTC"}, {"View": "snapperhd", "Media Type": "VIDEO", "View Date": "2020-08-16 10:36:19 UTC"}, {"View": "snapperhd", "Media Type": "", "View Date": "2020-08-16 10:36:18 UTC"}, {"View": "xberberx", "Media Type": "STORY", "View Date": "2020-08-16 10:36:15 UTC"}, {"View": "xberberx", "Media Type": "", "View Date": "2020-08-16 10:36:15 UTC"}, {"View": "snapperhd", "Media Type": "", "View Date": "2020-08-16 10:35:38 UTC"}, {"View": "mrnrdlmn", "Media Type": "STORY", "View Date": "2020-08-16 10:35:35 UTC"}, {"View": "mrnrdlmn", "Media Type": "VIDEO", "View Date": "2020-08-16 10:35:35 UTC"}, {"View": "mrnrdlmn", "Media Type": "VIDEO", "View Date": "2020-08-16 10:35:34 UTC"}, {"View": "melanieee0805", "Media Type": "STORY", "View Date": "2020-08-16 10:35:30 UTC"}, {"View": "melanieee0805", "Media Type": "", "View Date": "2020-08-16 10:35:30 UTC"}, {"View": "melanieee0805", "Media Type": "STORY", "View Date": "2020-08-16 00:18:05 UTC"}, {"View": "melanieee0805", "Media Type": "", "View Date": "2020-08-16 00:18:05 UTC"}, {"View": "melanieee0805", "Media Type": "", "View Date": "2020-08-16 00:18:04 UTC"}, {"View": "melanieee0805", "Media Type": "", "View Date": "2020-08-16 00:17:59 UTC"}, {"View": "melanieee0805", "Media Type": "", "View Date": "2020-08-16 00:17:47 UTC"}, {"View": "melanieee0805", "Media Type": "STORY", "View Date": "2020-08-13 19:18:53 UTC"}, {"View": "melanieee0805", "Media Type": "", "View Date": "2020-08-13 19:18:53 UTC"}, {"View": "dg_sven", "Media Type": "STORY", "View Date": "2020-08-13 19:18:48 UTC"}, {"View": "dg_sven", "Media Type": "", "View Date": "2020-08-13 19:18:48 UTC"}, {"View": "dg_sven", "Media Type": "VIDEO", "View Date": "2020-08-13 19:18:46 UTC"}, {"View": "bb01k", "Media Type": "STORY", "View Date": "2020-08-13 19:18:41 UTC"}, {"View": "bb01k", "Media Type": "", "View Date": "2020-08-13 19:18:41 UTC"}, {"View": "bb01k", "Media Type": "", "View Date": "2020-08-13 19:18:38 UTC"}, {"View": "mrnrdlmn", "Media Type": "STORY", "View Date": "2020-08-13 19:18:34 UTC"}, {"View": "mrnrdlmn", "Media Type": "VIDEO", "View Date": "2020-08-13 19:18:34 UTC"}, {"View": "mrnrdlmn", "Media Type": "VIDEO", "View Date": "2020-08-13 19:18:19 UTC"}, {"View": "mrnrdlmn", "Media Type": "STORY", "View Date": "2020-08-13 19:18:16 UTC"}, {"View": "mrnrdlmn", "Media Type": "VIDEO", "View Date": "2020-08-13 19:18:16 UTC"}, {"View": "mrnrdlmn", "Media Type": "", "View Date": "2020-08-13 19:18:10 UTC"}, {"View": "rregterschot23", "Media Type": "STORY", "View Date": "2020-08-13 18:04:39 UTC"}, {"View": "rregterschot23", "Media Type": "", "View Date": "2020-08-13 18:04:39 UTC"}, {"View": "rregterschot23", "Media Type": "", "View Date": "2020-08-13 18:04:37 UTC"}, {"View": "rregterschot23", "Media Type": "", "View Date": "2020-08-13 18:04:34 UTC"}, {"View": "alissaa1997", "Media Type": "STORY", "View Date": "2020-08-13 18:04:31 UTC"}, {"View": "alissaa1997", "Media Type": "", "View Date": "2020-08-13 18:04:31 UTC"}, {"View": "damelioc", "Media Type": "STORY", "View Date": "2020-08-11 22:34:21 UTC"}, {"View": "damelioc", "Media Type": "", "View Date": "2020-08-11 22:34:21 UTC"}, {"View": "melanieee0805", "Media Type": "STORY", "View Date": "2020-08-11 18:21:11 UTC"}, {"View": "melanieee0805", "Media Type": "", "View Date": "2020-08-11 18:21:11 UTC"}, {"View": "smahen12908", "Media Type": "STORY", "View Date": "2020-08-11 15:33:19 UTC"}, {"View": "smahen12908", "Media Type": "VIDEO", "View Date": "2020-08-11 15:33:19 UTC"}, {"View": "smahen12908", "Media Type": "VIDEO", "View Date": "2020-08-11 15:33:17 UTC"}, {"View": "smahen12908", "Media Type": "VIDEO", "View Date": "2020-08-11 15:33:17 UTC"}, {"View": "armo_snap", "Media Type": "", "View Date": "2020-08-11 11:01:54 UTC"}, {"View": "armo_snap", "Media Type": "STORY", "View Date": "2020-08-11 11:01:54 UTC"}, {"View": "armo_snap", "Media Type": "VIDEO", "View Date": "2020-08-11 11:01:54 UTC"}]}