{"Outgoing Calls": [{"Date & Time": "2020-08-10 23:40:58 UTC", "Type": "VIDEO", "People in Chat": 2, "Result": "Call Initiated", "City": "oudewater", "Country": "NL", "Length (sec)": 0, "Network": "MOBILE"}, {"Date & Time": "2020-08-29 16:14:09 UTC", "Type": "VIDEO", "People in Chat": 2, "Result": "Call Initiated", "City": "deventer", "Country": "NL", "Length (sec)": 1, "Network": "WIFI"}, {"Date & Time": "2020-08-29 13:05:43 UTC", "Type": "VIDEO", "People in Chat": 0, "Result": "Call Initiated", "City": "maarssen", "Country": "NL", "Length (sec)": 0, "Network": "MOBILE"}, {"Date & Time": "2020-08-30 21:10:11 UTC", "Type": "VIDEO", "People in Chat": 0, "Result": "Call Initiated", "City": "utrecht", "Country": "NL", "Length (sec)": 0, "Network": "MOBILE"}, {"Date & Time": "2020-08-30 22:27:55 UTC", "Type": "VIDEO", "People in Chat": 5, "Result": "Call Initiated", "City": "utrecht", "Country": "NL", "Length (sec)": 4, "Network": "MOBILE"}], "Incoming Calls": [], "Completed Calls": [], "Chat Sessions": [], "Game Sessions": [{"Date & Time": "2020-08-30 17:43:47 UTC", "People in Chat": 2, "People available": 1, "City": "deventer", "Country": "NL", "Length (sec)": 2, "Network": "WIFI"}, {"Date & Time": "2020-08-30 17:42:40 UTC", "People in Chat": 2, "People available": 1, "City": "deventer", "Country": "NL", "Length (sec)": 3, "Network": "WIFI"}]}