{"Snap Inc. Terms of Service": [{"Version": "Snap Privacy Policy & Terms of Service - September 30, 2019", "Acceptance Date": "2020-06-28 23:32:27 UTC"}, {"Version": "Snap Privacy Policy & Terms of Service - September 26, 2017", "Acceptance Date": "2020-06-28 23:32:27 UTC"}, {"Version": "Snap Terms of Service - February 18, 2019", "Acceptance Date": "2020-06-28 23:32:27 UTC"}, {"Version": "Memories Terms of Service", "Acceptance Date": "2020-06-28 23:33:33 UTC"}], "Custom Creative Tools Terms": [], "Business Services Terms": [], "Games Terms": []}