{"App Profile": {"Country": "NL", "Creation Time": "2020-06-28 23:32:27 UTC", "Account Creation Country": "NL", "Platform Version": "IOS", "In-app Language": "nl_NL"}, "Demographics": {"Cohort Age": "AGE_25_TO_34", "Derived Ad Demographic": "MALE"}, "Subscriptions": [], "Engagement": [{"Event": "Geolens Swipes", "Occurrences": 11}, {"Event": "Discover Ad Views", "Occurrences": 4}, {"Event": "Direct Snaps Created", "Occurrences": 129}, {"Event": "Chats Sent", "Occurrences": 435}, {"Event": "Our Story views", "Occurrences": 1}, {"Event": "Discover Snap Views", "Occurrences": 35}, {"Event": "Snap Sends", "Occurrences": 105}, {"Event": "Snaps Posted to Story", "Occurrences": 12}, {"Event": "Discover Editions Viewed", "Occurrences": 16}, {"Event": "Story Ads Viewed", "Occurrences": 59}, {"Event": "Application Opens", "Occurrences": 1430}, {"Event": "Story Views", "Occurrences": 7}, {"Event": "Snaps Viewed in a Story", "Occurrences": 289}, {"Event": "Geofilter Story Snaps Viewed", "Occurrences": 79}, {"Event": "Chats Viewed", "Occurrences": 912}, {"Event": "Direct Snaps Viewed", "Occurrences": 213}, {"Event": "Snap Views", "Occurrences": 872}, {"Event": "Geofilter Swipes", "Occurrences": 27}, {"Event": "Geofilter Snap Sends", "Occurrences": 5}], "Discover Channels Viewed": [{"Channel Name": "Bitmoji"}, {"Channel Name": "CafeMom"}, {"Channel Name": "Celebs Go Dating"}, {"Channel Name": "People"}, {"Channel Name": "Refinery29"}, {"Channel Name": "Sick Whips Stories"}, {"Channel Name": "So Yummy"}, {"Channel Name": "Tastemade"}, {"Channel Name": "Team Snapchat NL"}, {"Channel Name": "The Cut"}], "Breakdown of Time Spent on App": ["Camera: 13.34%", "Discover: 2.14%", "Map: 1.48%", "Memories: 0.32%", "Messaging: 25.33%", "Others: 48.62%", "Profile: 8.77%"], "Ads You Interacted With": [], "Interest Categories": ["Beer Drinkers", "Soft Drink Consumers", "Casual & Mobile Gamers", "Sneakerheads", "Social Drinkers", "Music Fans", "Oral Care Shoppers", "Energy Drink Consumers"], "Geographic Information": [], "Interactions": {"Web Interactions": ["hema.nl", "action.com", "essent.nl", "na-kd.com", "desenio.nl", "snapchat.com", "coolblue.nl", "spectacles.com", "abnamro.nl", "tiqcdn.com", "videoland.com", "hollisterco.com"], "App Interactions": ["https://itunes.apple.com/us/app/id336353151", "https://itunes.apple.com/us/app/id382617920", "https://itunes.apple.com/us/app/id447188370", "https://itunes.apple.com/us/app/id358899126", "https://itunes.apple.com/us/app/id985746746", "https://itunes.apple.com/us/app/id373963365", "https://itunes.apple.com/us/app/id372648912", "https://itunes.apple.com/us/app/id835599320", "https://itunes.apple.com/us/app/id1206967173"]}, "Mobile Ad Id": ""}